Species,haploid,Acro,Meta,perc.acro,FNa
Acinonyx_jubatus,19,2,34,0.055555556,70
Acomys_airensis,21,14,26,0.35,66
Acomys_dimidiatus,19,4,32,0.111111111,68
Aconaemys_fuscus,28,0,54,0,108
Aconaemys_porteri,29,0,56,0,112
Aconaemys_sagei,27,0,52,0,104
Acrobates_pygmaeus,7,0,12,0,24
Addax_nasomaculatus,29,54,2,0.964285714,58
Aepyceros_melampus,30,58,0,1,58
Agouti_taczanowskii,21,0,40,0,80
Ailoropoda_melanoluca,21,6,34,0.15,74
Ailurus_fulges,18,2,32,0.058823529,66
Akodon_aerosus,20,38,0,1,38
Necromys_amoenus,17,32,0,1,32
Akodon_azare,19,36,0,1,36
Akodon_berlespchii,20,38,0,1,38
Akodon_boliviensis,20,38,0,1,38
Akodon_cursor,12,2,20,0.090909091,42
Akodon_illuteus,26,48,2,0.96,52
Akodon_lindberghi,21,40,0,1,40
Akodon_longipilis,26,48,2,0.96,52
Akodon_montensis,12,6,16,0.272727273,38
Akodon_olivaceus,26,48,2,0.96,52
Akodon_sanborni,26,48,2,0.96,52
Akodon_serrensis,22,42,0,1,42
Akodon_urichi_venezeulensis,9,0,16,0,32
Akodon_variussimulator,21,40,0,1,40
Akodon_xanthorhinus,26,48,2,0.96,52
Alcephalus_busephalus,20,18,20,0.473684211,58
Alces_alces,34,62,4,0.939393939,70
Alces_alces_americana,35,66,2,0.970588235,70
Alopex_lagopus,25,0,48,0,96
Alouatta_caraya,26,30,20,0.6,70
Aloutta_belzebul,25,26,22,0.541666667,70
Aloutta_seniculus,22,28,14,0.666666667,56
Alticola_argentatus,28,50,4,0.925925926,58
Alticola_barakshin,28,50,4,0.925925926,58
Alticola_semicanus,28,48,6,0.888888889,60
Alticola_strelzovi,28,50,4,0.925925926,58
Ametrida_centurio,15,4,24,0.142857143,52
Ammospermophilus_harrisii,16,0,30,0,60
Ammospermophilus_insularis,16,0,30,0,60
Ammospermophilus_interpres,16,0,30,0,60
Ammospermophilus_leucurus,16,0,30,0,60
Ammospermophilus_nelsoni,16,0,30,0,60
Ammospermophilus_spilosoma,16,0,30,0,60
Ammotragus_lervia,29,56,0,1,56
Anotomys_leander,46,82,8,0.911111111,98
Anourosorex_squamipes,25,4,44,0.083333333,92
Antidorcas_marsupialis,28,50,4,0.925925926,58
Antilope_cervicapra,15,0,28,0,56
Antrozous_pallidus,23,38,6,0.863636364,50
Aotus_trivirgatus,27,34,18,0.653846154,70
Apodemus_flavicolis,25,48,0,1,48
Apodemus_pensuli,24,46,0,1,46
Apodemus_sylvaticus,24,46,0,1,46
Arctictis_binturong,21,10,30,0.25,70
Arctocebus_calabarensis,26,0,50,0,100
Ardops_nichollsi,15,0,28,0,56
Ariteus_flavecens,15,0,28,0,56
Artiebeus_cinereus,15,0,28,0,56
Artiebeus_fulginosus,15,0,28,0,56
Artiebeus_glaucus,15,0,28,0,56
Artiebeus_jamaicensis,15,4,24,0.142857143,52
Artiebeus_lituratus,15,0,28,0,56
Artiebeus_phaeotis,15,0,28,0,56
Artiebeus_planirostris,15,0,28,0,56
Artiebeus_watsoni,15,0,28,0,56
Arttogalidia_trivigarta_stigmatica,20,14,24,0.368421053,62
Arvicanthis_abyssinicus,31,60,0,1,60
Arvicanthis_niloticus,29,42,14,0.75,70
Arvicola_sherman_exitus,18,8,26,0.235294118,60
Arvicola_terrestris,18,0,34,0,68
Aselliscus_stoliczkanus,15,0,28,0,56
Asiatic_black,37,68,4,0.944444444,76
Atelerix_albiventris,24,0,46,0,92
Ateles_belzebuth,17,2,30,0.0625,62
Ateles_geoffroyi,17,2,30,0.0625,62
Ateles_paniscus_chamek,17,2,30,0.0625,62
Atilax_paludinosus,18,4,30,0.117647059,64
Aulyscomys_boliviensis,11,10,10,0.5,30
Aulyscomys_micropus,17,30,2,0.9375,34
Aulyscomys_sublimis,14,22,4,0.846153846,30
Avahi_laniger,35,62,6,0.911764706,74
Axis_axis,33,60,4,0.9375,68
Axis_porcinus,34,64,2,0.96969697,68
B_infuscatus,27,48,4,0.923076923,56
B_tridactylus,26,44,6,0.88,56
B_variegatus,27,50,4,0.925925926,58
Babyrousa_bayrousa,19,8,28,0.222222222,64
Baiomys_musculus,24,26,20,0.565217391,66
Balaena_mysticetus,21,6,34,0.15,74
Balaenoptera_acutorostrata,22,8,34,0.19047619,76
Balaenoptera_borealis,22,8,34,0.19047619,76
Balaenoptera_musculus,22,8,34,0.19047619,76
Balaenoptera_physalis,22,8,34,0.19047619,76
Bandicota_bengalensis,21,24,16,0.6,56
Barbastella_barbastellus,16,10,20,0.333333333,50
Barbastella_leucomelas,16,10,20,0.333333333,50
Bassaricyon_sp.,19,4,32,0.111111111,68
Bassariscus_astutus,19,4,32,0.111111111,68
Bdeogale_sp.,18,6,28,0.176470588,62
Bison_bison,30,58,0,1,58
Black_bear,37,68,4,0.944444444,76
Blarina_brevicauda,25,48,0,1,48
Blarina_carolinensis,26,50,0,1,50
Blarina_hylophaga,26,38,12,0.76,62
Blastocerus_dichotomus,33,58,6,0.90625,70
Bolomys_albiventer,20,38,0,1,38
Bolomys_lasiurus,17,32,0,1,32
Bos_gaurus,29,54,2,0.964285714,58
Bos_taurus,30,58,0,1,58
Boselaphus_tragocamelus,23,32,12,0.727272727,56
Brachyphylla_nana,16,0,30,0,60
Brachyphylla_pumila,16,0,30,0,60
Brown_bear,37,68,4,0.944444444,76
Bubalus_bubalis,25,38,10,0.791666667,58
Bubalus_mindorensis,23,32,12,0.727272727,56
C_didactilus,32,26,36,0.419354839,98
C_truncatus,29,44,12,0.785714286,68
Cabassous_centralis,31,46,14,0.766666667,74
Cabassous_tatouay,25,28,20,0.583333333,68
Cacajao_calvus,23,26,18,0.590909091,62
Cacajao_melanocephalus,23,26,18,0.590909091,62
Cacajao_rubicundus,23,26,18,0.590909091,62
Callicebus_cupris,23,24,20,0.545454545,64
Callicebus_moloch,23,24,20,0.545454545,64
Callicebus_torquatus,10,10,8,0.555555556,26
Callimico_goeldii,24,17,29,0.369565218,75
Callithrix_argentata,22,10,32,0.238095238,74
Callithrix_aurita,22,10,32,0.238095238,74
Callithrix_chrysoleucos,23,10,34,0.227272727,78
Callithrix_emiliae,22,10,32,0.238095238,74
Callithrix_geoffroyi,23,14,30,0.318181818,74
Callithrix_humeralifer,23,14,30,0.318181818,74
Callithrix_jacchus,23,14,30,0.318181818,74
Callithrix_penicillata,23,14,30,0.318181818,74
Callithrix_pygmaea,22,10,32,0.238095238,74
Callorhinus_urinus,18,0,34,0,68
Callosciurus_flavimanus,20,8,30,0.210526316,68
Calomyscus_mystax,22,38,4,0.904761905,46
Calomyscus_urartensis,16,18,12,0.6,42
Caluromys_derbianus,7,0,12,0,24
Caluromys_lanatus,7,0,12,0,24
Caluromys_philander,7,0,12,0,24
Camelus_bactrianus,37,62,10,0.861111111,82
Camelus_dromedarius,37,62,10,0.861111111,82
Canis_latrans,39,76,0,1,76
Canis_lupus,39,76,0,1,76
Capra_hircus,30,58,0,1,58
Capra_ibex,30,58,0,1,58
Capreolus_capreolus,35,68,0,1,68
Carollia_brevicauda,10,0,18,0,36
Carollia_castanea,10,0,18,0,36
Carollia_perpicillata,10,0,18,0,36
Carollia_subrufa,10,0,18,0,36
Castor_canadiensis,20,0,38,0,76
Castor_fiber,24,18,28,0.391304348,74
Catagonus_wagneri,10,0,18,0,36
Cavia_cobaya,32,44,18,0.709677419,80
Cavia_porcellus,32,34,28,0.548387097,90
Cebus_apella,27,26,26,0.5,78
Cebus_capucinus,27,36,16,0.692307692,68
Cebus_nigrivittatus,26,32,18,0.64,68
Centete_(Tenrec)_eucadatus,19,0,36,0,72
Centurio_senex,14,0,26,0,52
Cephalophus_dorsalis,30,58,0,1,58
Cephalophus_maxwellii,30,58,0,1,58
Cephalophus_monticola,30,58,0,1,58
Cephalophus_natelensis,30,58,0,1,58
Cephalophus_silvicultor,30,58,0,1,58
Ceratotherium_simun,41,80,0,1,80
Cercatetus_concinnus,7,0,12,0,24
Cercateus_nanus,7,0,12,0,24
Cercocebus_aterrimus,21,0,40,0,80
Cercocebus_atys,21,0,40,0,80
Cercocebus_torquatus,21,0,40,0,80
Cercopithecus_aethiops,30,26,32,0.448275862,90
Cercopithecus_nictitans,33,12,52,0.1875,116
Cerdocyon_thous,37,38,34,0.527777778,106
Cervus_albirostris,33,60,4,0.9375,68
Cervus_aldithamin,29,44,12,0.785714286,68
Cervus_elaphus,34,64,2,0.96969697,68
Cervus_nippon,34,64,2,0.96969697,68
Cervus_timorensis,30,48,10,0.827586207,68
Cervus_unicolor,29,44,12,0.785714286,68
Cervus_unicolor_djejeani,31,52,8,0.866666667,68
Cevus_duvauceli,28,40,14,0.740740741,68
Chaetophactus_villosus,30,26,32,0.448275862,90
Chiroderma_improvisum,13,2,22,0.083333333,46
Chiroderma_villosum,13,0,24,0,48
Chironectes_minimus,11,20,0,1,20
Chiropotes_satanus,27,30,22,0.576923077,74
Choeroniscus_godmani,10,0,18,0,36
Choeroniscus_intermedius??,10,0,18,0,36
Choloepus_hoffmanni,25,30,18,0.625,66
Chreirogaleus_major,33,64,0,1,64
Chreirogaleus_medius,33,64,0,1,64
Chrysocyon_brachyarus,38,74,0,1,74
Citellus_armatus,17,0,32,0,64
Citellus_beldingi,15,0,28,0,56
Citellus_citellus,20,14,24,0.368421053,62
Citellus_columbianus,16,0,30,0,60
Citellus_dauricus,18,0,34,0,68
Citellus_elegans,17,0,32,0,64
Citellus_erythrogenys,18,0,34,0,68
Citellus_fulvus,18,0,34,0,68
Citellus_mollis,19,10,26,0.277777778,62
Citellus_nevadensis,17,0,32,0,64
Citellus_parryi,17,0,32,0,64
Citellus_pygmaeus,18,0,34,0,68
Citellus_relictus,18,0,34,0,68
Citellus_richardsoni,18,4,30,0.117647059,64
Citellus_townsendii,18,0,34,0,68
Citellus_undulatus,17,0,32,0,64
Citellus_vigilis,23,22,22,0.5,66
Citellus_washingtoni,18,2,32,0.058823529,66
Clethrionomys_glareolus,28,52,2,0.962962963,56
Clethrionomys_rufocanus,28,52,2,0.962962963,56
Coelops_frithi_formosanus,15,0,28,0,56
Condylura_cristata,17,0,32,0,64
Conilurus_penicillatus,24,42,4,0.913043478,50
Connochates_taurinus,29,54,2,0.964285714,58
Cricetulus_griseus,11,6,14,0.3,34
Cricetulus_triton,14,22,4,0.846153846,30
Crocidura_bottegi,20,22,16,0.578947368,54
Crocidura_crossei,22,22,20,0.523809524,62
Crocidura_dsnezumi,20,32,6,0.842105263,44
Crocidura_gracilipes,26,18,32,0.36,82
Crocidura_gueldenstedtii,20,30,8,0.789473684,46
Crocidura_horsfieldi,19,28,8,0.777777778,44
Crocidura_lamottei,26,36,14,0.72,64
Crocidura_lasiura,20,22,16,0.578947368,54
Crocidura_leucodon,14,0,26,0,52
Crocidura_nigeriae,25,24,24,0.5,72
Crocidura_nimbae,25,14,34,0.291666667,82
Crocidura_occidentalis,25,34,14,0.708333333,62
Crocidura_odorata,25,34,14,0.708333333,62
Crocidura_planiceps,22,16,26,0.380952381,68
Crocidura_poensis,25,24,24,0.5,72
Crocidura_russula,21,22,18,0.55,58
Crocidura_suaveolens,20,30,8,0.789473684,46
Crocidura_theresae,25,18,30,0.375,78
Crocidura_wimmeri,25,16,32,0.333333333,80
Crocidura_zimmermanni,17,24,8,0.75,40
Crocuta_crocuta,20,6,32,0.157894737,70
Crossarchus_obscurus,18,0,34,0,68
Cryptoprocta_ferox,21,8,32,0.2,72
Cryptotis_parva,26,50,0,1,50
Ctenomys_argentinus,22,34,8,0.80952381,50
Ctenomys_australis,24,16,30,0.347826087,76
Ctenomys_conoveris,25,44,4,0.916666667,52
Ctenomys_dorbignyi,35,56,12,0.823529412,80
Ctenomys_latro,21,30,10,0.75,50
Ctenomys_mendocinus,24,16,30,0.347826087,76
Ctenomys_occultus,11,0,20,0,40
Ctenomys_perrensi,25,16,32,0.333333333,80
Ctenomys_roigi,24,16,30,0.347826087,76
Ctenomys_talarum,24,6,40,0.130434783,86
Ctenomys_tucumanus,14,0,26,0,52
Ctenomys_yolandae,25,20,28,0.416666667,76
Cynictis_penicillata,18,0,34,0,68
Cynogale_bennetti,21,12,28,0.3,68
Cynomys_ludovicicianus,25,0,48,0,96
Cynopithecus_niger,21,0,40,0,80
Cystophora_cristata,17,2,30,0.0625,62
Dama_dama,34,64,2,0.96969697,68
Damaliscus_dorcas_phillipsi,19,14,22,0.388888889,58
Dasycercus_cristcaudata,7,0,12,0,24
Dasymys_incomtus,19,28,8,0.777777778,44
Dasyprocta_variegata,32,0,62,0,124
Dasypus_hybridus,32,48,14,0.774193548,76
Dasypus_novemcinctus,32,42,20,0.677419355,82
Dasypus_septemcinctus,32,48,14,0.774193548,76
Dasyurops_geoffroy,7,0,12,0,24
Dasyurops_maculatus,7,0,12,0,24
Dasyurops_viverrinus,7,0,12,0,24
Daubentonia_madagascariensis,15,4,24,0.142857143,52
Delphinapterus_leucas,22,8,34,0.19047619,76
Delphinus_delphis,22,8,34,0.19047619,76
Deltamys_kempi,19,36,0,1,36
Demodus_rotundus,14,0,26,0,52
Diaemus_youngii,16,0,30,0,60
Diceros_bicornis,42,58,24,0.707317073,106
Dicrostonyx_torquatus,23,36,8,0.818181818,52
Didelphys_albiventris,11,20,0,1,20
Didelphys_azarae=paraguayensis,11,20,0,1,20
Didelphys_marsupialis,11,20,0,1,20
Didelphys_virginiana,11,8,12,0.4,32
Diplomesodon_pulchellum,22,34,8,0.80952381,50
Dipodomys_agilis,30,0,58,0,116
Dipodomys_deserti,32,16,46,0.258064516,108
Dipodomys_elator,36,58,12,0.828571429,82
Dipodomys_elephantinus,30,0,58,0,116
Dipodomys_graviceps,35,66,2,0.970588235,70
Dipodomys_heermanni,26,4,46,0.08,96
Dipodomys_ingens,32,26,36,0.419354839,98
Dipodomys_merriami,26,0,50,0,100
Dipodomys_microps,30,0,58,0,116
Dipodomys_nelsoni,36,6,64,0.085714286,134
Dipodomys_nitratoides,27,0,52,0,104
Dipodomys_ordii_largus,37,0,72,0,144
Dipodomys_ornatus,36,2,68,0.028571429,138
Dipodomys_panamintinus,32,28,34,0.451612903,96
Dipodomys_spectabilis,36,70,0,1,70
Dipodomys_stephensi,35,50,18,0.735294118,86
Dipodomys_venustus,30,0,58,0,116
Dolichotis_patagonum,32,0,62,0,124
Dremomys_rufigensis,19,4,32,0.111111111,68
Dromiciops_australis,7,0,12,0,24
Dyphilla_eucadata,16,0,30,0,60
Echinops_telfairi,20,0,38,0,76
Ectophylla_alba,15,0,28,0,56
Eira_barbara,19,4,32,0.111111111,68
Elaphodus_cephalodus,24,42,4,0.913043478,50
Elaphurus_davidianus,34,64,2,0.96969697,68
Elephas_maximus,28,46,8,0.851851852,62
Eliomys_quercinus,24,2,44,0.043478261,90
Ellobius_lutescens,9,0,16,0,32
Enchistemes_harti,15,6,22,0.214285714,50
Eonycteris_spelaea,18,2,32,0.058823529,66
Eothenomys_miletus,28,54,0,1,54
Epomops_fraquenti,18,4,30,0.117647059,64
Eptesicus_fuscus,25,48,0,1,48
Eptesicus_japonensis,25,48,0,1,48
Eptesicus_lyinni,25,48,0,1,48
Eqqus_asinus,31,22,38,0.366666667,98
Eqqus_caballus,32,36,26,0.580645161,88
Eqqus_grevyi,23,12,32,0.272727273,76
Eqqus_prewalskii,33,40,24,0.625,88
Eqqus_zebra,16,2,28,0.066666667,58
Equus_africanus_somaliensis,32,28,34,0.451612903,96
Equus_burchelli_boehmi,22,8,34,0.19047619,76
Equus_hemionus_kulan,27,14,38,0.269230769,90
Equus_hemionus_onager,28,10,44,0.185185185,98
Equus_kiang_holdereri,26,8,42,0.16,92
Erethizon_dorsatum,21,6,34,0.15,74
Erignathus_barbatus,17,2,30,0.0625,62
Erinaceus_algirus,24,2,44,0.043478261,90
Erinaceus_europaeus,24,4,42,0.086956522,88
Erinaceus_roumanicus/concolor,24,4,42,0.086956522,88
Erophylla_bombifrons,16,0,30,0,60
Erophylla_sezekorni,16,0,30,0,60
Erythrocebus_patas,27,10,42,0.192307692,94
Eschrichius_gibbosus,22,8,34,0.19047619,76
Euderma_maculatum,15,4,24,0.142857143,52
Eulemur_coronatus,23,26,18,0.590909091,62
Eumetopias_jubata,18,2,32,0.058823529,66
Eumops_auripendulus,21,18,22,0.45,62
Eumops_glaucinus,19,8,28,0.222222222,64
Eumops_perotis,24,36,10,0.782608696,56
Eumops_underwoodi,24,36,10,0.782608696,56
Euphractus_sexcinctus,29,14,42,0.25,98
Eutamias_minimus,19,16,20,0.444444444,56
Eutamias_quatrivittatus,19,14,22,0.388888889,58
Eutamias_sibiricus,19,20,16,0.555555556,52
Eutamias_umbrius,19,14,22,0.388888889,58
Felis_aurata,19,4,32,0.111111111,68
Felis_bengalensis,19,2,34,0.055555556,70
Felis_caracal,19,4,32,0.111111111,68
Felis_catus,19,4,32,0.111111111,68
Felis_chaus,19,4,32,0.111111111,68
Felis_colocolo,18,0,34,0,68
Felis_concolor,19,2,34,0.055555556,70
Felis_geoffroyi,18,0,34,0,68
Felis_iriomotensis,19,2,34,0.055555556,70
Felis_libyca,19,4,32,0.111111111,68
Felis_linx,19,4,32,0.111111111,68
Felis_mamul,19,2,34,0.055555556,70
Felis_margarita,19,4,32,0.111111111,68
Felis_marmorata,19,4,32,0.111111111,68
Felis_nigripes,19,4,32,0.111111111,68
Felis_ornata,19,4,32,0.111111111,68
Felis_pajeros,18,0,34,0,68
Felis_pardalis,18,0,34,0,68
Felis_planiceps,19,2,34,0.055555556,70
Felis_rubiginosa,19,2,34,0.055555556,70
Felis_rufa,19,4,32,0.111111111,68
Felis_serval,19,4,32,0.111111111,68
Felis_sylvestris,19,4,32,0.111111111,68
Felis_temmincki,19,4,32,0.111111111,68
Felis_viverrina,19,2,34,0.055555556,70
Felis_wiedi,18,0,34,0,68
Felis_yagouaroundi,19,0,36,0,72
Felix_tigrina,18,0,34,0,68
Fennecus_zerda,32,58,4,0.935483871,66
Fossa_fossa,21,10,30,0.25,70
Funambulus_pennati,27,46,6,0.884615385,58
Galago_alleni,20,14,24,0.368421053,62
Galago_crassicaudatus_crassicadatus,30,32,26,0.551724138,84
Galago_crassicaudatus_monteiri,31,48,12,0.8,72
Galago_demidovii,29,50,6,0.892857143,62
Galago_senegalensis,19,6,30,0.166666667,66
Galemys_pyrenaicus,21,16,24,0.4,64
Galictis_vittata,19,8,28,0.222222222,64
Galidia_elegans,22,10,32,0.238095238,74
Gazella_cuvieri,16,4,26,0.133333333,56
Gazella_dama_mhorr,20,20,18,0.526315789,56
Gazella_dama_ruficolis,19,16,20,0.444444444,56
Gazella_dorcas,15,0,28,0,56
Gazella_gazella_erlangeri,17,6,26,0.1875,58
Gazella_granti,15,0,28,0,56
Gazella_leptoceros,16,4,26,0.133333333,56
Gazella_rufifrons,29,56,0,1,56
Gazella_soemmerringi,18,12,22,0.352941176,56
Gazella_spekei,16,4,26,0.133333333,56
Gazella_subgutturosa_marica,15,0,28,0,56
Gazella_thomsoni,29,56,0,1,56
Genetta_tigrina,26,4,46,0.08,96
Geomys_arenarius,35,34,34,0.5,102
Geomys_bursarius,36,70,0,1,70
Geomys_personatus,35,66,2,0.970588235,70
Geomys_pinetis,21,0,40,0,80
Geomys_tropicalis,19,0,36,0,72
Gerbillurus_paeba,18,0,34,0,68
Gerbillurus_setzeri,30,40,18,0.689655172,76
Gerbillurus_vallinus,30,44,14,0.75862069,72
Gerbillus_achilus,19,0,36,0,72
Gerbillus_allebyi,20,0,38,0,76
gerbillus_andersoni,20,0,38,0,76
Gerbillus_campestris,28,40,14,0.740740741,68
Gerbillus_nigeriae,37,72,0,1,72
Gerbillus_pyramidum,19,0,36,0,72
Giraffa_camelopardis,15,2,26,0.071428571,54
Glaucomys_sabrinus_lascivus,24,18,28,0.391304348,74
Glaucomys_volans,24,20,26,0.434782609,72
Globicephala_macrorhyncha,22,8,34,0.19047619,76
Globicephala_melaena,22,8,34,0.19047619,76
Globicephala_scammonii,22,8,34,0.19047619,76
Glossophaga_soricina,16,0,30,0,60
Gorilla_gorilla,24,6,40,0.130434783,86
Halichoerus_grypus,16,0,30,0,60
Hapalemur_griseus_grisseus,27,42,10,0.807692308,62
Hapalemur_griseus_occ,29,48,8,0.857142857,64
Hapalemur_simus,30,52,6,0.896551724,64
Heliophobus_argenteocinereus,30,4,54,0.068965517,112
Helogale_parvula,18,0,34,0,68
Hemicentetes_semispinosus,19,24,12,0.666666667,48
Hemiechinus_auritus,24,0,46,0,92
Hemiechinus_dauuricus,24,0,46,0,92
Hemigalus_derbyanus,21,14,26,0.35,66
Hemitragus_jemlahicus,24,34,12,0.739130435,58
Urva_javanica,18,0,34,0,68
Urva_brachyura,18,0,34,0,68
Urva_edwardsii,18,0,34,0,68
Urva_fusca,18,0,34,0,68
Herpestes_ichneumon,22,16,26,0.380952381,68
Herpestes_pulverulentus,20,0,38,0,76
Herpestes_sanguineus,21,12,28,0.3,68
Urva_urva,18,0,34,0,68
Heterocephalus_glaber,30,4,54,0.068965517,112
Heteromys_demarestianus,30,30,28,0.517241379,86
Heteromys_oresteus,30,38,20,0.655172414,78
Hippocamelus_bisulcus,35,66,2,0.970588235,70
Hipposideros_armiger_terasensis,16,0,30,0,60
Hipposideros_ater,16,0,30,0,60
Hipposideros_cineraceus,16,0,30,0,60
Hipposideros_fulvus,16,0,30,0,60
Hipposideros_landakadiva,16,0,30,0,60
Hipposideros_pomona,16,0,30,0,60
Hipposideros_speoris,16,0,30,0,60
Hipposideros_turpis,16,0,30,0,60
Histriophoca_fasciata,16,0,30,0,60
Holochilus_brasieliensis,26,45,5,0.891304348,55
Holochilus_venezuelae,22,28,14,0.666666667,56
Holochilus_vulpinus,18,12,22,0.352941176,56
Homo_sapiens,23,10,34,0.227272727,78
Hyaena_brunnea,20,10,28,0.263157895,66
Hydrochoeris_hydrochaeris,33,26,38,0.40625,102
Hydromys_chrysogaster,24,42,4,0.913043478,50
Hydropotes_inermis,35,68,0,1,68
Hylobates_agilis,22,2,40,0.047619048,82
Hylobates_concolor,26,6,44,0.12,94
Hylobates_hoolock,19,0,36,0,72
Hylobates_klossii,22,2,40,0.047619048,82
Hylobates_lar,22,2,40,0.047619048,82
Hylobates_moloch,22,2,40,0.047619048,82
Hylobates_pileatus,22,2,40,0.047619048,82
Hylochoerus_meinertzhageni,16,0,30,0,60
Hylomyscus_stella,23,20,24,0.454545455,68
Hypsignathus_monstrosus,18,2,32,0.058823529,66
Ichtyomys_pittieri,46,82,8,0.911111111,98
Idionycteris_Phyllotis,15,6,22,0.214285714,50
Inia_geoffrensis,22,8,34,0.19047619,76
Isodon_macrorus,7,0,12,0,24
Isodon_obesulus,7,0,12,0,24
Kobus_ellipsiprymnus_defassa,27,46,6,0.884615385,58
Kobus_ellipsiprymnus_ellipsiprymnus,25,38,10,0.791666667,58
Kogia_breviceps,21,0,40,0,80
Lagenorhynchus_albirostris,22,8,34,0.19047619,76
Lagenorhynchus_obliquidens,22,8,34,0.19047619,76
Lagorchestes_conspicillatus,8,14,0,1,14
Lagostomus_maximus,28,2,52,0.037037037,106
Lagothrix_lagotricha,31,30,30,0.5,90
Lagurus_curtatus,27,50,2,0.961538462,54
Lagurus_lagurus,27,44,8,0.846153846,60
Lama_glama,37,62,10,0.861111111,82
Lama_huanacus,37,62,10,0.861111111,82
Lama_pacos,37,62,10,0.861111111,82
Lasionycteris_noctivagans,10,8,10,0.444444444,28
Lasiorhinus_latifrons,7,0,12,0,24
Lasiurus_borealis,14,4,22,0.153846154,48
Lasiurus_cinereus,14,4,22,0.153846154,48
Lasiurus_ega,14,4,22,0.153846154,48
Lasiurus_seminolus,14,4,22,0.153846154,48
Leggadina_hermannsgurgensis,24,42,4,0.913043478,50
Lemmus_amurensis,25,48,0,1,48
Lemmus_lemmus,25,48,0,1,48
Lemmus_nigripes,25,44,4,0.916666667,52
Lemmus_sibiricus_sibiricus,25,44,4,0.916666667,52
Lemmus_trimicornatus,25,44,4,0.916666667,52
Lemnyscomys_rosalia,24,30,16,0.652173913,62
Lemur_catta,28,50,4,0.925925926,58
Lemur_fulvus_albifrons,30,54,4,0.931034483,62
Lemur_fulvus_albocollaris,24,30,16,0.652173913,62
Lemur_fulvus_colaris,26,38,12,0.76,62
Lemur_fulvus_fulvus,30,54,4,0.931034483,62
Lemur_macaco,22,22,20,0.523809524,62
Lemur_mongoz,30,54,4,0.931034483,62
Leontopithecus_rosalia,23,12,32,0.272727273,76
Leotocebus_illigeri,23,10,34,0.227272727,78
Lepilemur_dorsalis,13,4,20,0.166666667,44
Lepilemur_edwardsi,11,2,18,0.1,38
Lepilemur_leucopus,13,4,20,0.166666667,44
Lepilemur_mustelinus,17,26,6,0.8125,38
Lepilemur_rificaudatus,10,0,18,0,36
Lepilemur_septentrionalis,18,30,4,0.882352941,38
Leporillus_conditor,23,36,8,0.818181818,52
Leptonychotes_weddelli,17,2,30,0.0625,62
Lepus_americanus,24,14,32,0.304347826,78
Lepus_saxatilis,24,14,32,0.304347826,78
Liomys_salvini,28,20,34,0.37037037,88
Lissonycteris_angolensis,18,4,30,0.117647059,64
Litocranius_walleri,30,58,0,1,58
Lonchophylla_thomasi,16,22,8,0.733333333,38
Loris_tardigradus,31,30,30,0.5,90
Loxodonta_africana,28,48,6,0.888888889,60
Lutreolina_crassicaudata,11,20,0,1,20
Lycaon_pictus,19,8,28,0.222222222,64
M_tridactyla,30,12,46,0.206896552,104
Maccaca_arctoides,21,0,40,0,80
Maccaca_fascicularis,21,0,40,0,80
Maccaca_fuscata,21,0,40,0,80
Maccaca_irus,21,0,40,0,80
Maccaca_mulatta,21,0,40,0,80
Maccaca_nemestrina,21,0,40,0,80
Maccaca_nigra,21,0,40,0,80
Maccaca_radiata,21,0,40,0,80
Maccaca_speciosa,21,0,40,0,80
Macroglossus_lagochilus,17,4,28,0.125,60
Macroglossus_minimus,17,4,28,0.125,60
Macroscelides_probocideus,14,4,22,0.153846154,48
Macrotus_californicus,20,16,22,0.421052632,60
Macrotus_waterhousii,23,28,16,0.636363636,60
Malacomys_longipes,24,44,2,0.956521739,48
Manis_pentadactyla,18,2,32,0.058823529,66
Marmosa_alstoni,7,0,12,0,24
Marmosa_cinerea,7,0,12,0,24
Marmosa_elegans,7,2,10,0.166666667,22
Marmosa_fuscata,7,0,12,0,24
Marmosa_mexicana,7,0,12,0,24
Marmosa_murina,7,0,12,0,24
Marmosa_pusilla,7,0,12,0,24
Marmosa_robinsoni,7,0,12,0,24
Marmosops_incanus,7,0,12,0,24
Marmota_broweri,18,6,28,0.176470588,62
Marmota_caligata,21,18,22,0.45,62
Marmota_flaviventris,21,18,22,0.45,62
Marmota_marmota,19,12,24,0.333333333,60
Marmota_monax,19,10,26,0.277777778,62
Mastacomys_fuscus,24,36,10,0.782608696,56
Mastomys_huberti,16,16,14,0.533333333,44
Mazama_ameicana,34,62,4,0.939393939,70
Mazama_gouazoubira,35,68,0,1,68
Megaerops_ecaudatus,12,0,22,0,44
Megaoglossus_woermanni,17,6,26,0.1875,58
Mellivora_capensis,20,6,32,0.157894737,70
Melogale_sp.,19,10,26,0.277777778,62
Melomys_cervinipes,24,40,6,0.869565217,52
Melomys_littoralis,24,42,4,0.913043478,50
Menetes_berdmorei,31,44,16,0.733333333,76
Meriones_libycus,22,12,30,0.285714286,72
Meriones_shawi,22,10,32,0.238095238,74
Meriones_unguiculatus,22,10,32,0.238095238,74
Mesembriomus_gouldii,24,42,4,0.913043478,50
Mesocritus_auratus,22,10,32,0.238095238,74
Mesocritus_brandti,21,0,40,0,80
Mesocritus_newtoni,19,0,36,0,72
Mesophylla_macconelli,11,20,0,1,20
Mesoplodon_carlhubbsi,21,6,34,0.15,74
Mesoplodon_europaeus,21,6,34,0.15,74
Metachirus_nudicaudatus,7,0,12,0,24
Micoureus_cinereus,7,0,12,0,24
Microcebus_coquereli,33,64,0,1,64
Microcebus_murinus,33,64,0,1,64
Microcebus_myoxinus,33,64,0,1,64
Microcebus_rufus,33,64,0,1,64
Microdipodops_megacephalus,20,4,34,0.105263158,72
Microdipodops_pallidus,21,0,40,0,80
Microgale_cowani,27,50,2,0.961538462,54
Microgale_dobsoni,15,6,22,0.214285714,50
Microgale_talazaci,15,4,24,0.142857143,52
Microgale_thomsoni,15,8,20,0.285714286,48
Micronycteris_brachyotis,16,0,30,0,60
Micronycteris_megalotis,20,8,30,0.210526316,68
Micronycteris_minuta,14,2,24,0.076923077,50
Micronycteris_nicefori,14,0,26,0,52
Micropotamogale_lamottei,19,0,36,0,72
Micropteropus_pusillus,17,6,28,0.176470588,62
Microtus_agrestis,25,44,4,0.916666667,52
Microtus_arvalis,23,10,34,0.227272727,78
Microtus_cabrerae,27,44,8,0.846153846,60
Microtus_guentheri,27,52,0,1,52
Microtus_mexicanus,24,34,12,0.739130435,58
Microtus_nivalus,27,52,0,1,52
Microtus_oeconomus,15,0,28,0,56
Microtus_oregoni,9,2,14,0.125,30
Microtus_savii,27,48,4,0.923076923,56
Mimon_crenulatum,16,0,30,0,60
Miniopterus_inflatus,23,38,6,0.863636364,50
Miniopterus_schreibersi,23,36,8,0.818181818,52
Miorunga_angustirostris,17,2,30,0.0625,62
Miorunga_leonina,17,2,30,0.0625,62
Mogera_robusta,18,12,22,0.352941176,56
Molossops_abrassus,17,4,28,0.125,60
Molossops_greenhalii,17,4,28,0.125,60
Molossops_temminckii,24,22,24,0.47826087,70
Molossus_ater,24,34,12,0.739130435,58
Molossus_molossus,24,34,12,0.739130435,58
Molossus_sinaloe,24,34,12,0.739130435,58
Momodelphis_domestica,9,12,4,0.75,20
Momodelphis_orinoci,9,2,14,0.125,30
Monodelphis_brevicauda,9,2,14,0.125,30
Monodelphis_dimitiata,9,2,14,0.125,30
Monodon_monoceros,22,6,36,0.142857143,78
Monophylus_redmani,16,0,30,0,60
Mormoops_blainvilli,19,12,24,0.333333333,60
Mormoops_megalophyla,19,12,24,0.333333333,60
Mungos_mungo,18,0,34,0,68
Muntiacus_crinifrons,5,2,4,0.333333333,10
Muntiacus_feai,7,10,1,0.909090909,12
Muntiacus_muntjak_muntjak,4,2,4,0.333333333,10
Muntiacus_muntjak_vaginalis,3,0,3,0,6
Muntiacus_reevesi,23,44,0,1,44
Muntiacus_rooseveltorun,4,0,4,0,8
Murina_aurata,22,24,18,0.571428571,60
Murina_leucogaster,22,26,16,0.619047619,58
Murrah_buffalo,25,38,10,0.791666667,58
Mus_booduga,20,38,0,1,38
Mus_castaneus,20,38,0,1,38
Mus_dunni,20,38,0,1,38
Mus_mattheyi,18,34,0,1,34
Mus_minutoides/musculoides,17,32,0,1,32
Mus_musculus,20,38,0,1,38
Mus_obanguii,14,20,6,0.769230769,32
Mus_setulosus,18,34,0,1,34
Mus_spretus,20,38,0,1,38
Mustela_erminea,22,8,34,0.19047619,76
Mustela_frenata,21,18,22,0.45,62
Mustela_nivalis,21,14,26,0.35,66
Mustela_vison,15,2,26,0.071428571,54
Myocastor_coypus,21,0,40,0,80
Myomys_daltoni,18,34,0,1,34
Myonycteris_torquata,18,4,30,0.117647059,64
Myotis_albescens,22,34,8,0.80952381,50
Myotis_auriculus,22,32,10,0.761904762,52
Myotis_austroriparius,22,34,8,0.80952381,50
Myotis_becstenii,22,34,8,0.80952381,50
Myotis_blythi,22,34,8,0.80952381,50
Myotis_capaccinii,22,34,8,0.80952381,50
Myotis_carteri,22,34,8,0.80952381,50
Myotis_emarginatus,22,34,8,0.80952381,50
Myotis_evotis,22,32,10,0.761904762,52
Myotis_frater,22,32,10,0.761904762,52
Myotis_grisescens,22,34,8,0.80952381,50
Myotis_hosonoi,22,32,10,0.761904762,52
Myotis_keaysi,22,34,8,0.80952381,50
Myotis_keenii,22,34,8,0.80952381,50
Myotis_macrodactylus,22,32,10,0.761904762,52
Myotis_myotis,22,34,8,0.80952381,50
Myotis_mystacinus,22,32,10,0.761904762,52
Myotis_nattereri,22,34,8,0.80952381,50
Myotis_nigricans,22,34,8,0.80952381,50
Myotis_oxygnathus,22,34,8,0.80952381,50
Myotis_siligerensis,22,32,10,0.761904762,52
Myotis_sodalis,22,34,8,0.80952381,50
Myotis_thysanodes,22,32,10,0.761904762,52
Myotis_velifer,22,34,8,0.80952381,50
Myotis_yumanensis,22,34,8,0.80952381,50
Mystromys_albicaudatus,16,2,28,0.066666667,58
Nandinia_binota,19,2,34,0.055555556,70
Naomorhedus_goral,28,52,1,0.981132075,54
Nasalis_larvatus,24,0,46,0,92
Nectomys_palmipes,8,6,8,0.428571429,22
Nectomys_squamipes,26,50,0,1,50
Neofelis_nebulosa,19,4,32,0.111111111,68
Neomys_anomalus,26,6,44,0.12,94
Neomys_fodiens,26,6,44,0.12,94
Neotoma_albigula,26,42,8,0.84,58
Neotoma_alleni,24,40,6,0.869565217,52
Neotoma_cinerea,27,44,8,0.846153846,60
Neotoma_floridana,26,44,6,0.88,56
Neotoma_fuscipes,28,24,30,0.444444444,84
Neotoma_goldmani,26,46,4,0.92,54
Neotoma_lepida,26,40,10,0.8,60
Neotoma_mexicana,26,48,2,0.96,52
Neotoma_micropus,26,44,6,0.88,56
Neotoma_phenax,19,22,14,0.611111111,50
Neotoma_stephensi,26,42,8,0.84,58
Neotomodon_alstoni,24,30,16,0.652173913,62
Neurotrichus_gibsii,19,0,36,0,72
Ningaui_sp.,7,0,12,0,24
Noctilio_albiventris,17,2,30,0.0625,62
Notlosorex_crawfordi,34,30,36,0.454545455,102
Notomys_alexis,24,42,4,0.913043478,50
Notomys_cervinus,24,16,30,0.347826087,76
Notomys_fuscus,24,44,2,0.956521739,48
Notomys_mitchellii,24,38,8,0.826086957,54
Nyctalus_furvus,22,32,10,0.761904762,52
Nyctalus_lasiopterus,21,30,10,0.75,50
Nyctalus_noctula,21,30,10,0.75,50
Nyctereutes_prcyonoides,21,14,26,0.35,66
Nycticebus_coucang,25,0,48,0,96
Nycticebus_pygmaeus,25,0,48,0,96
Nycticeius_humeralis,23,40,4,0.909090909,48
Nycticeius_schlieffeni,17,12,20,0.375,52
Nyctinomops_laticaudatus,24,28,18,0.608695652,64
Nyctomys_sumichrasti,25,44,4,0.916666667,52
Ochotona_princeps,34,48,18,0.727272727,84
Ochotona_Princeps,34,60,6,0.909090909,72
Octodon_bridgesi,29,0,56,0,112
Octodon_degus,29,0,56,0,112
Octodontomys_gliroides,19,0,36,0,72
Octomys_mimax,28,0,54,0,108
Odobenus_rosmarus,16,0,30,0,60
Odocoileus_hemionus,35,66,2,0.970588235,70
Odocoileus_virginianus,35,66,2,0.970588235,70
Orcinus_orca,22,2,40,0.047619048,82
Oreamnos_americanus,21,22,18,0.55,58
Ornithorhyncus_anatinus,27,0,52,0,104
Orycteropus_afer,10,0,18,0,36
Oryctolagus_cuniculus,22,8,34,0.19047619,76
Oryx_dammah,29,54,2,0.964285714,58
Oryx_gazella_beisa,29,54,2,0.964285714,58
Oryx_gazella_gazella,28,50,4,0.925925926,58
Oryx_leucoryx,29,54,2,0.964285714,58
Oryx_tao,29,54,2,0.964285714,58
Oryzomys_albigularis,33,26,38,0.40625,102
Oryzomys_alfaroi,30,12,46,0.206896552,104
Oryzomys_caudatus,29,44,12,0.785714286,68
Oryzomys_couesi,28,54,0,1,54
Oryzomys_delicatus,30,38,20,0.655172414,78
Oryzomys_fulvescens,30,42,16,0.724137931,74
Oryzomys_macconnelli,32,62,0,1,62
Oryzomys_melanotis,31,50,10,0.833333333,70
Oryzomys_palustris,28,54,0,1,54
Oryzomys_subflavus,25,40,8,0.833333333,56
Otcyon_megalotis,36,66,4,0.942857143,74
Otomops_martienssi,24,34,12,0.739130435,58
Otonycteris_hemprichii,14,6,20,0.230769231,46
Ovis_ammon_cycloceros,29,54,2,0.964285714,58
Ovis_ammon_severtzovi,28,50,4,0.925925926,58
Ovis_aries,27,46,6,0.884615385,58
Ovis_canadiensis_mexicana,27,46,6,0.884615385,58
Ovis_dalli_dalli,27,46,6,0.884615385,58
Ovis_musimon,27,46,6,0.884615385,58
Ovis_nivicola,26,42,8,0.84,58
Ovis_vignei,29,54,2,0.964285714,58
Ozotoceros_bezoarticus,34,62,4,0.939393939,70
Pagophilus_groenlandicus,16,0,30,0,60
Paguna_larvata,22,14,28,0.333333333,70
Pan_paniscus,24,10,36,0.217391304,82
Pan_troglodytes,24,10,36,0.217391304,82
Panthera_leo,19,4,32,0.111111111,68
Panthera_onca,19,4,32,0.111111111,68
Panthera_pardus,19,4,32,0.111111111,68
Panthera_tigris,19,4,32,0.111111111,68
Panthera_uncia,19,4,32,0.111111111,68
Papio_anubis,21,0,40,0,80
Papio_dogera,21,0,40,0,80
Papio_hamadryas,21,0,40,0,80
Papio_papio,21,0,40,0,80
Papio_ursinus,21,0,40,0,80
Pappogeomys_merriami_merriami,18,2,32,0.058823529,66
Paradoxurus_hermaphroditicus,21,12,28,0.3,68
Paraechinus_aethiopicus,24,0,46,0,92
Parascalops_breweri,17,8,24,0.25,56
Paromotys_brantsii,21,2,38,0.05,78
Perameles_nasuta,7,0,12,0,24
Perodictis_potto,31,14,46,0.233333333,106
Perognatus_alticola,27,30,22,0.576923077,74
Perognatus_amplus,28,14,40,0.259259259,94
Perognatus_apache,22,38,4,0.904761905,46
Perognatus_artus,27,48,4,0.923076923,56
Perognatus_baileyi,24,32,14,0.695652174,60
Perognatus_fasciatus,22,36,6,0.857142857,48
Perognatus_flavescens,22,36,6,0.857142857,48
Perognatus_flavus,25,10,38,0.208333333,86
Perognatus_formosus,18,16,18,0.470588235,52
Perognatus_goldmani,26,44,6,0.88,56
Perognatus_hispidus,17,2,30,0.0625,62
Perognatus_inornatus,28,20,34,0.37037037,88
Perognatus_intermedius,23,30,14,0.681818182,58
Perognatus_longimembris,28,20,34,0.37037037,88
Perognatus_merriami,25,10,38,0.208333333,86
Perognatus_parvus,27,36,16,0.692307692,68
Perognatus_penicillatus,23,40,4,0.909090909,48
Perognatus_pernix,19,16,20,0.444444444,56
Perognatus_xanthonatus,27,28,24,0.538461538,76
Peromyscus_banderamus,24,40,6,0.869565217,52
Peromyscus_sp,24,40,6,0.869565217,52
Petaurista_petaurista,19,0,36,0,72
Petrogale_assimilis,10,16,2,0.888888889,20
Petrogale_brachyotis,9,4,12,0.25,28
Petrogale_burbigei,8,0,14,0,28
Petrogale_concinna,8,0,14,0,28
Petrogale_inornata,11,14,6,0.7,26
Petrogale_lateralis_lateralis,11,14,6,0.7,26
Petrogale_lateralis_pearsoni,11,14,6,0.7,26
Petrogale_mareeba,9,14,2,0.875,18
Petrogale_penicillata,11,20,0,1,20
Petrogale_persephone,11,14,6,0.7,26
Petrogale_rothschildi,11,14,6,0.7,26
Petrogale_xanthopus,11,14,6,0.7,26
Phacochoerus_aetiopicus,17,4,28,0.125,60
Phaner_furcifer,23,28,16,0.636363636,60
Phascolomis_mitchelli,7,0,12,0,24
Phascolortis_cinereus,7,0,12,0,24
Philander_archeri,8,0,14,0,28
Philander_mcihennyi,11,20,0,1,20
Philander_opposum,11,20,0,1,20
Phillotis_haggardi,19,0,36,0,72
Phloeomys_cumingi,20,20,18,0.526315789,56
Phoca_hispida_krascheninikovi,16,2,28,0.066666667,58
Phoca_vitulina,16,0,30,0,60
Phocoena_phocoena,22,8,34,0.19047619,76
Phocoenoides_dalli,22,8,34,0.19047619,76
Phodopus_roborovskii,17,8,24,0.25,56
Phodopus_sungorus,14,4,22,0.153846154,48
Phyllonycteris_aphylla,16,0,30,0,60
Phyllonycteris_obtusa,16,0,30,0,60
Phyllops_haitiensis,15,0,28,0,56
Phyllostomus_discolor,16,0,30,0,60
Phyllostomus_elongatus,16,2,28,0.066666667,58
Phyllostomus_hastatus,16,2,28,0.066666667,58
Phyllotis_amicus,19,0,36,0,72
Phyllotis_caprinus,19,0,36,0,72
Phyllotis_darwini,19,0,36,0,72
Phyllotis_gerbilus,19,0,36,0,72
Phyllotis_magister,19,0,36,0,72
Phyllotis_osgoodi,20,4,34,0.105263158,72
Physeter_catodon,21,0,40,0,80
Pipistrellus_endoi,18,18,16,0.529411765,50
Pispitrellus_abramus,13,4,20,0.166666667,44
Pispitrellus_pulveratus,22,32,10,0.761904762,52
Pispitrellus_subflavus,15,6,22,0.214285714,50
Pithecia_pithecia,24,28,18,0.608695652,64
Pitymys_atticus,22,40,2,0.952380952,44
Pitymys_duodecimcostatus,31,48,12,0.8,72
Pitymys_linchensteini,23,40,4,0.909090909,48
Pitymys_mariae,31,50,10,0.833333333,70
Pitymys_multiplex,24,42,4,0.913043478,50
Pitymys_pyrenaicus,27,48,4,0.923076923,56
Pitymys_savii,27,46,6,0.884615385,58
Pitymys_subterraneus,26,46,4,0.92,54
Pitymys_tatricus,16,16,14,0.533333333,44
Pitymys_thomasi,22,42,0,1,42
Platymops_setiger,24,38,8,0.826086957,54
Plecotus_auritus,16,10,20,0.333333333,50
Plecotus_austriacus,16,10,20,0.333333333,50
Plecotus_mexicanus,16,10,20,0.333333333,50
Plecotus_rafinsesqui,16,10,20,0.333333333,50
Plecotus_townsendii,16,10,20,0.333333333,50
Polar_bear,37,68,4,0.944444444,76
Pongo_pygmaeus,24,16,30,0.347826087,76
Potamochoerus_porcus,17,8,24,0.25,56
Presbytis_entelus,22,2,40,0.047619048,82
Priodontes_giganteus,25,24,24,0.5,72
Prionodon_linsang,17,2,30,0.0625,62
Procavia_capensis,27,42,10,0.807692308,62
Procyon_lotor,19,4,32,0.111111111,68
Proechimys_(guairae)_guairae,23,20,24,0.454545455,68
Proechimys_(guairae)_Miranda,24,24,22,0.52173913,68
Proechimys_(guairae)_ochraeus,22,16,26,0.380952381,68
Proechimys_(guairae)_poliopus,21,10,30,0.25,70
Proechymis_(guairae)_Barina,31,50,10,0.833333333,70
Proechymis_(guairae)_Llano,25,28,20,0.583333333,68
Promops_centralis,24,34,12,0.739130435,58
Promops_davisoni,24,34,12,0.739130435,58
Propithecus_diadema,22,10,32,0.238095238,74
Propithecus_tattersalli,21,8,32,0.2,72
Propithecus_verreauxi,24,16,30,0.347826087,76
Psammomys_obesus,24,18,28,0.391304348,74
Pseudoalopex_griseus,37,72,0,1,72
Pseudoalopex_gymnocercus,37,72,0,1,72
Pseudocheirus_dahli,8,0,14,0,28
Pseudocheirus_peregrinus,10,14,4,0.777777778,22
Pseudois_nayaur,27,46,6,0.884615385,58
Pseudomys_albocinereus,24,42,4,0.913043478,50
Pseudomys_australis,24,38,8,0.826086957,54
Pseudomys_delicatius,24,40,6,0.869565217,52
Pseudomys_desertor,24,42,4,0.913043478,50
Pseudomys_fumeus,24,42,4,0.913043478,50
Pseudomys_gracilicaudatus,24,36,10,0.782608696,56
Pseudomys_higginsi,24,40,6,0.869565217,52
Pseudomys_nanus,24,42,4,0.913043478,50
Pseudomys_novaehollandiae,24,40,6,0.869565217,52
Pseudomys_occidentalis,24,40,6,0.869565217,52
Pseudomys_praeconis,24,42,4,0.913043478,50
Pseudomys_shortridgei,24,42,4,0.913043478,50
Pteronotus_davyi,19,12,24,0.333333333,60
Pteronotus_gymnonotus,19,12,24,0.333333333,60
Pteronotus_macleayii,19,12,24,0.333333333,60
Pteronotus_parnelii,19,12,24,0.333333333,60
Pteronotus_personatus,19,12,24,0.333333333,60
Pteronotus_quadridens,19,12,24,0.333333333,60
Pudu_puda,35,66,2,0.970588235,70
Pusa_hispida,16,0,30,0,60
Putorius_furo,20,10,28,0.263157895,66
Rangifer_tarandus,35,66,2,0.970588235,70
Rattus_fuscipes,19,16,20,0.444444444,56
Rattus_leucopus,17,8,24,0.25,56
Rattus_lutreolus,21,24,16,0.6,56
Rattus_natalensis,18,12,22,0.352941176,56
Rattus_norvegicus,21,22,18,0.55,58
Rattus_rattus,19,14,22,0.388888889,58
Rattus_sordidus,16,2,28,0.066666667,58
Rattus_tunneyi,21,22,18,0.55,58
Reithrodontomys_creper,26,50,0,1,50
Reithrodontomys_fulvescens,25,48,0,1,48
Reithrodontomys_gracilis,26,50,0,1,50
Reithrodontomys_humilis,25,48,0,1,48
Reithrodontomys_megalotis,21,0,40,0,80
Reithrodontomys_mexicanus,26,50,0,1,50
Reithrodontomys_montanus,19,36,0,1,36
Reithrodontomys_raviventris,19,0,36,0,72
Reithrodontomys_sumichrasti,20,0,38,0,76
Rhabdomys_pumilio,23,28,16,0.636363636,60
Rhinoceros_unicornis,41,60,20,0.75,100
Rhinophyla_pumilio,18,6,28,0.176470588,62
Rhinophylaa_fischerae,17,8,24,0.25,56
Rhizomys_sumatrensis,25,0,48,0,96
Rhogeesa_genowasyi,21,30,10,0.75,50
Rhogeesa_parvula,22,34,8,0.80952381,50
Rhogeesa_tumida,15,6,22,0.214285714,50
Rhynchotragus_kirki,23,42,2,0.954545455,46
Rhynolophus_acuminatus,31,60,0,1,60
Rhynolophus_affinis,31,50,10,0.833333333,70
Rhynolophus_balsii,29,52,4,0.928571429,60
Rhynolophus_clivosus,29,50,6,0.892857143,62
Rhynolophus_cornutus,31,60,0,1,60
Rhynolophus_darlingi,29,52,4,0.928571429,60
Rhynolophus_euryale,29,52,4,0.928571429,60
Rhynolophus_ferrumequinum,29,50,5,0.908730159,60
Rhynolophus_hipposideros,28,48,6,0.888888889,60
Rhynolophus_luctus,26,40,10,0.8,60
Rhynolophus_malayanus,31,60,0,1,60
Rhynolophus_monoceros,31,60,0,1,60
Rhynolophus_pusillus,31,60,0,1,60
Rousettus_aegyptiacus,18,4,30,0.117647059,64
Rucervus_duvauceli,28,40,14,0.740740741,68
Rupricapra_rupicapra,29,54,2,0.964285714,58
Saguinus_mystax,23,14,30,0.318181818,74
Saguinus_nigricollis,23,14,30,0.318181818,74
Saguinus_oedipus,23,14,30,0.318181818,74
Saimiri_boliviensis,22,12,30,0.285714286,72
Saimiri_sciureus,22,12,30,0.285714286,72
Saquinus_fusicollis,23,14,30,0.318181818,74
Saquinus_labiatus,23,14,30,0.318181818,74
Sarcophilus_harrisi,7,0,12,0,24
Scalopus_aquaticus,17,0,32,0,64
Scapanus_latimarus,17,4,28,0.125,60
Scapteromys_timidus,18,28,6,0.823529412,40
Scapteromys_timidus_(2),17,24,8,0.75,40
Scapteromys_timidus_(3),12,4,18,0.181818182,40
Sciurus_aberti,20,0,38,0,76
Sciurus_anomalus,20,0,38,0,76
Sciurus_carolinensis,20,0,38,0,76
Sciurus_granatensis,21,2,38,0.05,78
Sciurus_griseus,20,0,38,0,76
Sciurus_niger_rufiventer,20,0,38,0,76
Scotinomys_xerampelinus,29,24,32,0.428571429,88
Scotonycteris_ophiodon,17,6,26,0.1875,58
Scotophilus_dinganii,18,18,16,0.529411765,50
Scotophilus_nux,18,18,16,0.529411765,50
Scotophilus_viridis,18,18,16,0.529411765,50
Setifer_setosus,20,26,12,0.684210526,50
Sigmodon_arizonae,11,2,18,0.1,38
Sigmodon_hispidus,26,48,2,0.96,52
Sigmodon_mascotensis,14,24,2,0.923076923,28
Sigmodon_minimus,15,22,6,0.785714286,34
Sloth_bear,37,68,4,0.944444444,76
Smithopis_crassicaudata,7,0,12,0,24
Sorex_araneus,11,4,16,0.2,36
Sorex_articus,14,18,8,0.692307692,34
Sorex_asper,16,8,22,0.266666667,52
Sorex_bendirii,27,34,18,0.653846154,70
Sorex_buchariensis,20,20,18,0.526315789,56
Sorex_caecutiens,21,20,20,0.5,60
Sorex_caucasicus,11,0,20,0,40
Sorex_cinereus,33,58,6,0.90625,70
Sorex_coronatus,11,2,18,0.1,38
Sorex_daphaenodon,12,2,20,0.090909091,42
Sorex_fumeus,33,34,30,0.53125,94
Sorex_granarius,16,26,4,0.866666667,34
Sorex_isodon,21,20,20,0.5,60
Sorex_minutissimus,21,8,32,0.2,72
Sorex_minutus,21,26,14,0.65,54
Sorex_mirabilis,19,12,24,0.333333333,60
Sorex_ornatus,27,32,20,0.615384615,72
Sorex_raddei,18,2,32,0.058823529,66
Sorex_samniticus,26,50,0,1,50
Sorex_shinto,21,22,18,0.55,58
Sorex_sinuosus,27,32,20,0.615384615,72
Sorex_trowbridgii,17,24,8,0.75,40
Sorex_tundrensis,15,6,22,0.214285714,50
Sorex_ungiculatus,21,22,18,0.55,58
Sorex_vagrans,27,46,6,0.884615385,58
Sorex_vir,21,16,24,0.4,64
Sorex_volnuchi,20,20,18,0.526315789,56
Spalacopus_cyanus,29,0,56,0,112
Spalax_ehrenbergi,30,44,14,0.75862069,72
Speothos_venaticus,37,72,0,1,72
Spermophilus_beldingi,15,0,28,0,56
Spermophilus_leptodactylus,19,2,34,0.055555556,70
Spermophilus_mexicanus_pavidens,17,0,32,0,64
Spermophilus_richardsonii,17,0,32,0,64
Spermophilus_tereticadus,18,0,34,0,68
Spermophilus_townsendi_canus,23,20,24,0.454545455,68
Spermophilus_townsendi_idahoensis,19,6,30,0.166666667,66
Spermophilus_townsendi_townsendi,18,0,34,0,68
Spermophilus_tridecemlineatus,17,0,32,0,64
Stenella_attenuatta,22,8,34,0.19047619,76
Stenella_clymene,22,8,34,0.19047619,76
Stenella_dubia,22,8,34,0.19047619,76
Stenella_longirostris,22,8,34,0.19047619,76
Sturnina_erythromos,15,0,28,0,56
Sturnina_lilium,15,0,28,0,56
Sturnina_magna,15,0,28,0,56
Sturnina_nana,15,0,28,0,56
Helarctos_malayanus,37,68,4,0.944444444,76
Suncus_etruscus,21,12,28,0.3,68
Suncus_murinus,20,24,14,0.631578947,52
Sus_celebensis,19,12,24,0.333333333,60
Sus_salvanius,19,12,24,0.333333333,60
Sus_scroffa,18,8,26,0.235294118,60
Sus_verrucosus,19,12,24,0.333333333,60
Sylvicapra_grimmia,30,58,0,1,58
Sylvilagus_aquaticus,19,8,28,0.222222222,64
Sylvilagus_bachmani,24,14,32,0.304347826,78
Sylvilagus_floridanus,21,6,34,0.15,74
Sylvilagus_idahoensis,22,8,34,0.19047619,76
Sylvilagus_palustris,19,8,28,0.222222222,64
Sylvilagus_transitionalis,26,6,44,0.12,94
Sylvisorex_megalura,24,0,46,0,92
Symphalangus_syndactilus,25,2,46,0.041666667,94
Syncerus_caffer,26,42,8,0.84,58
Tachyglossus_aculeatus,32,0,62,0,124
Tadarida_aurispinosa,24,34,12,0.739130435,58
Tadarida_brasiliensis,24,36,10,0.782608696,56
Tadarida_formosrosassa,24,34,12,0.739130435,58
Tadarida_kalinowskii,24,36,10,0.782608696,56
Tadarida_laticaudata,24,34,12,0.739130435,58
Tadarida_macrotis,24,34,12,0.739130435,58
Talpa_altaica,17,0,32,0,64
Talpa_caeca,18,4,30,0.117647059,64
Talpa_caucasica,19,10,26,0.277777778,62
Talpa_europaea,17,0,32,0,64
Talpa_levantis,17,2,30,0.0625,62
Talpa_minima,17,2,30,0.0625,62
Talpa_occidentalis,17,0,32,0,64
Talpa_romana,17,2,30,0.0625,62
Tamandua_tetradactyla,27,0,52,0,104
Tamias_striatus,19,14,22,0.388888889,58
Tandua_longicauda,27,0,52,0,104
Tarsius_bancanus,40,66,12,0.846153846,90
Tarsius_dianae,23,10,34,0.227272727,78
Tarsius_syrichta,40,66,12,0.846153846,90
Tatera_brantsii,17,22,10,0.6875,42
Tatera_indica,34,52,14,0.787878788,80
Tatera_robusta,18,0,34,0,68
Taterillus_arenarius,15,20,8,0.714285714,36
Taterillus_concigus,27,40,12,0.769230769,64
Taterillus_gracilis,18,26,8,0.764705882,42
Taterillus_harringtoni,22,22,20,0.523809524,62
Taterillus_lacustris,14,8,18,0.307692308,44
Taterillus_petteri,9,4,12,0.25,28
Taterillus_pygargus,11,0,20,0,40
Taurotragus_euryceros,17,8,24,0.25,56
Taurotragus_oryx,16,4,26,0.133333333,56
Taxidea_taxus,16,12,18,0.4,48
Tayassu_albirostris,13,0,24,0,48
Tayassu_tajacu,15,8,20,0.285714286,48
Tetraceros_quatricornis,19,36,0,1,36
Thomasomys_aureus,22,42,0,1,42
Thomasomys_kalinowski,22,40,2,0.952380952,44
Thomasomys_monochromos,21,38,2,0.95,42
Thomasomys_notatus,22,40,2,0.952380952,44
Thomasomys_taczanowski,22,40,2,0.952380952,44
Thomomys_monticola,20,12,26,0.315789474,64
Thomomys_talpoides,24,8,38,0.173913043,84
Thomomys_umbrius,39,56,20,0.736842105,96
Thyalocomis_lagotis,7,0,12,0,24
Thylogale_billarderii,11,14,6,0.7,26
Thylogale_stigmata,11,14,6,0.7,26
Thylogale_thetis,11,14,6,0.7,26
Tolypeutes_matacus,19,0,36,0,72
Tonatia_bidens,8,8,6,0.571428571,20
Tonatia_brasiliensis,15,0,28,0,56
Tonatia_carrikeri,13,2,22,0.083333333,46
Tonatia_minuta,15,0,28,0,56
Tonatia_sylvicola,17,4,28,0.125,60
Tragelaphus_angasi,28,52,2,0.962962963,56
Tragelaphus_imberbis,19,16,20,0.444444444,56
Tragelaphus_scriptus,17,8,24,0.25,56
Tragelaphus_spekei,15,2,26,0.071428571,54
Tragelaphus_strepticeros,16,4,26,0.133333333,56
Tremarctos_ornatus,26,18,32,0.36,82
Trichomys_aperoides,15,2,26,0.071428571,54
Tupaia_berligeri,31,48,12,0.8,72
Tupaia_chinenesis,31,48,12,0.8,72
Tupaia_glis,30,46,12,0.793103448,70
Tupaia_longipes,30,46,12,0.793103448,70
Tupaia_montana,34,62,4,0.939393939,70
Tupaia_palawanensis,26,32,18,0.64,68
Tursiops_gilli,22,8,34,0.19047619,76
Tursiops_truncatus,22,8,34,0.19047619,76
Tylomys_nudicaudus,21,20,20,0.5,60
Tylomys_nudicaudus_villae,18,8,26,0.235294118,60
Tylomys_panamensis,26,44,6,0.88,56
Tylonicteris_pachypus,23,34,10,0.772727273,54
Tylonicteris_robustula,16,10,20,0.333333333,50
Tympanoctomys_barrerae,51,2,98,0.02,198
Uranomis_ruddi,29,48,8,0.857142857,64
Urocyon_cinereoargenteus,33,62,2,0.96875,66
Uroderma_bilobatum,22,36,6,0.857142857,48
Urogale_everitti,22,8,34,0.19047619,76
Uromys_caudimaculatus,23,38,6,0.863636364,50
Vampyressa_bidens,13,0,24,0,48
Vampyressa_brocki,12,0,22,0,44
Vampyressa_melissa,7,0,12,0,24
Vampyressa_nymphaea,13,0,24,0,48
Vampyressa_pusilla,11,20,0,1,20
Vampyrops_enfuscus,15,0,28,0,56
Vampyrops_nigellus,15,0,28,0,56
Vandeleuria_o._oleracea,15,16,12,0.571428571,40
Varecia_variegata,23,26,18,0.590909091,62
Vespertilio_murinus,19,22,14,0.611111111,50
Vespertilio_orientalis,19,22,14,0.611111111,50
Vespertilio_superans,19,22,14,0.611111111,50
Vicugna_vicugna,37,62,10,0.861111111,82
Viverricula_indica,18,4,30,0.117647059,64
Vombatus_ursinus,7,0,12,0,24
Vulpes_macrotis,25,0,48,0,96
Vulpes_vulpes,18,2,32,0.058823529,66
Xeromys_myoides,24,42,4,0.913043478,50
Xerus_rutilus,19,2,34,0.055555556,70
Zaedyus_pichiy,31,32,28,0.533333333,88
Zaglosus_bruijni,32,0,62,0,124
Zapholus_californianus,18,2,32,0.058823529,66
Zygodontomys_sp,17,32,0,1,32
Zyzomys_argurus,22,38,4,0.904761905,46
Zyzomys_woodwardi,22,38,4,0.904761905,46
