"","XYorvariant","sex","Scientific.Name","Genus","Family","Suborder","Order","Class","Authority","YearOfDescription","TreeTaxon","TreeImputed","BodyLength_mm","LengthMeasure","ImputedLength","SourceBodyLength","BodyMass_g","ImputedMass","SourceBodyMass","Diu","Noc","ImputedActTime","SourceActTime","Nocturnality","Fos","Ter","Aqu","Arb","Aer","ImputedHabitat","SourceHabitat","Verticality","MajorHabitat_1","MajorHabitat_2","MajorHabitat_3","MajorHabitat_4","MajorHabitat_5","MajorHabitat_6","MajorHabitat_7","MajorHabitat_8","MajorHabitat_9","MajorHabitat_10","MajorHabitat_12","MajorHabitat_13","MajorHabitat_14","MajorHabitat_15","MajorHabitat_16","MajorHabitat_17","MajorHabitatSum","ImputedMajorHabitat","SourceMajorHabitat","EcoTer","EcoFresh","EcoMar","EcosystemSum","ImputedEcosystem","SourceEcosystem","IUCN_Binomial","AssessedStatus","SourceStatus","RangeSize","Longitude","Latitude","Insularity","AbsoluteLatitude","SourceInsularity","Afrotropic","Australasia","IndoMalay","Nearctic","Neotropic","Oceania","Palearctic","Antarctic","AnnuMeanTemp","AnnuPrecip","TempSeasonality","PrecipSeasonality","Elevation","ETA50K","HumanDensity","PropUrbanArea","PropCroplandArea","PropPastureArea","PropRangeLandArea","perc.acro","haploid","auto.hap"
"Ametrida centurio",1,"XAfusion","Ametrida centurio","Ametrida","Phyllostomidae","Chiroptera","Chiroptera","Mammalia","GRAY 1847",1847,"Mammals",0,55,"HBL",0,"Myhrvold, Baldridge, Chan, Sivam, Freeman, and Ernest, 2015, Ecology, 96:3109-3109",12.6,0,"Myhrvold, Baldridge, Chan, Sivam, Freeman, and Ernest, 2015, Ecology, 96:3109-3109",0,1,0,"Wilman, Belmaker, Simpson, de la Rosa, Rivadeneira, and Jetz, 2014, Ecology, 95:2027-2027",1,0,0,0,1,1,0,"Wilman, Belmaker, Simpson, de la Rosa, Rivadeneira, and Jetz, 2014, Ecology, 95:2027-2027",1,1,0,0,0,0,0,0,0,0,0,0,0,0,0,0,0,1,0,"IUCN 2024. The IUCN Red List of Threatened Species. Version 2023-1",1,0,0,1,0,"IUCN 2024. The IUCN Red List of Threatened Species. Version 2023-1","Ametrida centurio","LC","IUCN 2024. The IUCN Red List of Threatened Species. Version 2023-1",543,-60.16800341,-1.274066669,0,1.274066669,"This work",0,0,0,0,1,0,0,0,251.3404861,2203.335026,651.3235477,56.54268467,245.0767223,1545.512085,14.2745164,0.00106991,0.03101696,0.038647684,0.058072365,0.142857143,15,14
"Anoura caudifer",0,"XY","Anoura caudifer","Anoura","Phyllostomidae","Chiroptera","Chiroptera","Mammalia","Ã‰. GEOFFROY SAINT-HILAIRE 1818",1818,"Mammals",0,58.32,"HBL",0,"Myhrvold, Baldridge, Chan, Sivam, Freeman, and Ernest, 2015, Ecology, 96:3109-3109",11.5,0,"Myhrvold, Baldridge, Chan, Sivam, Freeman, and Ernest, 2015, Ecology, 96:3109-3109",0,1,0,"Wilman, Belmaker, Simpson, de la Rosa, Rivadeneira, and Jetz, 2014, Ecology, 95:2027-2027",1,0,0,0,1,1,0,"Wilman, Belmaker, Simpson, de la Rosa, Rivadeneira, and Jetz, 2014, Ecology, 95:2027-2027",1,1,0,0,0,0,0,0,0,0,0,0,0,0,0,0,0,1,0,"IUCN 2024. The IUCN Red List of Threatened Species. Version 2023-1",1,0,0,1,0,"IUCN 2024. The IUCN Red List of Threatened Species. Version 2023-1","Anoura caudifer","LC","IUCN 2024. The IUCN Red List of Threatened Species. Version 2023-1",612,-61.7981711,-7.287630709,0,7.287630709,"This work",0,0,0,0,1,0,0,0,233.3821432,2016.08081,1142.354227,53.55818371,522.0144638,1178.071706,33.76922196,0.003291349,0.081465065,0.072396962,0.100789317,0,15,14
"Anoura cultrata",0,"XY","Anoura cultrata","Anoura","Phyllostomidae","Chiroptera","Chiroptera","Mammalia","HANDLEY 1960",1960,"Mammals",0,78,"HBL",0,"Myhrvold, Baldridge, Chan, Sivam, Freeman, and Ernest, 2015, Ecology, 96:3109-3109",17.39,0,"Myhrvold, Baldridge, Chan, Sivam, Freeman, and Ernest, 2015, Ecology, 96:3109-3109",0,1,0,"Wilman, Belmaker, Simpson, de la Rosa, Rivadeneira, and Jetz, 2014, Ecology, 95:2027-2027",1,0,0,0,1,1,0,"Wilman, Belmaker, Simpson, de la Rosa, Rivadeneira, and Jetz, 2014, Ecology, 95:2027-2027",1,1,0,0,0,0,0,1,0,0,0,0,0,0,0,0,0,2,0,"IUCN 2024. The IUCN Red List of Threatened Species. Version 2023-1",1,0,0,1,0,"IUCN 2024. The IUCN Red List of Threatened Species. Version 2023-1","Anoura cultrata","LC","IUCN 2024. The IUCN Red List of Threatened Species. Version 2023-1",126,-74.73427273,-0.658546806,0,0.658546806,"This work",0,0,0,0,1,0,0,0,188.3339609,2110.197591,571.8920635,43.22353782,1535.267921,636.6023309,75.69501551,0.004814424,0.047728523,0.17658304,0.008440745,0.066666667,15,14
"Anoura geoffroyi",0,"XY","Anoura geoffroyi","Anoura","Phyllostomidae","Chiroptera","Chiroptera","Mammalia","GRAY 1838",1838,"Mammals",0,73,"HBL",0,"Myhrvold, Baldridge, Chan, Sivam, Freeman, and Ernest, 2015, Ecology, 96:3109-3109",19,0,"Myhrvold, Baldridge, Chan, Sivam, Freeman, and Ernest, 2015, Ecology, 96:3109-3109",0,1,0,"Wilman, Belmaker, Simpson, de la Rosa, Rivadeneira, and Jetz, 2014, Ecology, 95:2027-2027",1,0,0,0,1,1,0,"Wilman, Belmaker, Simpson, de la Rosa, Rivadeneira, and Jetz, 2014, Ecology, 95:2027-2027",1,1,0,0,0,0,0,1,0,0,0,0,0,1,0,0,0,3,0,"IUCN 2024. The IUCN Red List of Threatened Species. Version 2023-1",1,0,0,1,0,"IUCN 2024. The IUCN Red List of Threatened Species. Version 2023-1","Anoura geoffroyi","LC","IUCN 2024. The IUCN Red List of Threatened Species. Version 2023-1",875,-63.73339989,-3.910434377,0,3.910434377,"This work",0,0,0,0.027428571,0.972571429,0,0,0,227.4211538,1628.743259,1179.573545,66.4732466,735.349431,719.3458596,51.18951636,0.00451319,0.09160729,0.105908961,0.102918728,0,15,14
"Ardops nichollsi",1,"XAfusion","Ardops nichollsi","Ardops","Phyllostomidae","Chiroptera","Chiroptera","Mammalia","THOMAS 1891",1891,"Mammals",0,70,"",1,"Phylogenetic Multiple Imputation",19.23,0,"Myhrvold, Baldridge, Chan, Sivam, Freeman, and Ernest, 2015, Ecology, 96:3109-3109",0,1,0,"Wilman, Belmaker, Simpson, de la Rosa, Rivadeneira, and Jetz, 2014, Ecology, 95:2027-2027",1,0,0,0,1,1,0,"Wilman, Belmaker, Simpson, de la Rosa, Rivadeneira, and Jetz, 2014, Ecology, 95:2027-2027",1,1,0,0,0,0,0,0,0,0,0,0,0,1,0,0,0,2,0,"IUCN 2024. The IUCN Red List of Threatened Species. Version 2023-1",1,0,0,1,0,"IUCN 2024. The IUCN Red List of Threatened Species. Version 2023-1","Ardops nichollsi","LC","IUCN 2024. The IUCN Red List of Threatened Species. Version 2023-1",9,-61.02117626,14.64841893,1,14.64841893,"Marino, Leclerc, and Bellard, 2021, Glob. Chang. Biol., 28:1077-1090",0,0,0,0,1,0,0,0,258.9527736,1967.530808,915.6921014,37.55840144,15.37835542,131.7109238,301.510553,0.002141948,0.011235262,0.008192428,0,0,15,14
"Ariteus flavescens",1,"XAfusion","Ariteus flavescens","Ariteus","Phyllostomidae","Chiroptera","Chiroptera","Mammalia","GRAY 1831",1831,"Mammals",0,58,"",1,"Phylogenetic Multiple Imputation",11.9,0,"Wilman, Belmaker, Simpson, de la Rosa, Rivadeneira, and Jetz, 2014, Ecology, 95:2027-2027",0,1,0,"Wilman, Belmaker, Simpson, de la Rosa, Rivadeneira, and Jetz, 2014, Ecology, 95:2027-2027",1,0,0,0,1,1,0,"Wilman, Belmaker, Simpson, de la Rosa, Rivadeneira, and Jetz, 2014, Ecology, 95:2027-2027",1,1,0,0,0,0,0,0,0,0,0,0,0,1,0,0,0,2,0,"IUCN 2024. The IUCN Red List of Threatened Species. Version 2023-1",1,0,0,1,0,"IUCN 2024. The IUCN Red List of Threatened Species. Version 2023-1","Ariteus flavescens","LC","IUCN 2024. The IUCN Red List of Threatened Species. Version 2023-1",5,-77.31050231,18.15592776,1,18.15592776,"Marino, Leclerc, and Bellard, 2021, Glob. Chang. Biol., 28:1077-1090",0,0,0,0,1,0,0,0,253.2005276,1723.423194,1009.909665,43.12245149,102.419739,102.4121817,283.65959,0.006526297,0.045440533,0.046030407,0,0,15,14
"Artibeus fimbriatus",1,"XAfusion","Artibeus fimbriatus","Artibeus","Phyllostomidae","Chiroptera","Chiroptera","Mammalia","GRAY 1838",1838,"Mammals",0,110,"",1,"Phylogenetic Multiple Imputation",63.9,0,"Wilman, Belmaker, Simpson, de la Rosa, Rivadeneira, and Jetz, 2014, Ecology, 95:2027-2027",0,1,0,"Wilman, Belmaker, Simpson, de la Rosa, Rivadeneira, and Jetz, 2014, Ecology, 95:2027-2027",1,0,0,0,1,1,0,"Wilman, Belmaker, Simpson, de la Rosa, Rivadeneira, and Jetz, 2014, Ecology, 95:2027-2027",1,1,0,0,0,0,0,0,0,0,0,0,0,0,0,0,0,1,0,"IUCN 2024. The IUCN Red List of Threatened Species. Version 2023-1",1,0,0,1,0,"IUCN 2024. The IUCN Red List of Threatened Species. Version 2023-1","Artibeus fimbriatus","LC","IUCN 2024. The IUCN Red List of Threatened Species. Version 2023-1",173,-48.0409646,-22.10283343,0,22.10283343,"This work",0,0,0,0,1,0,0,0,214.0519381,1448.123169,2542.114183,43.04727774,481.7832566,164.6414966,96.66061087,0.010577082,0.197665875,0.199167169,0.052718867,0,15,14
"Artibeus jamaicensis",1,"XAfusion","Artibeus jamaicensis","Artibeus","Phyllostomidae","Chiroptera","Chiroptera","Mammalia","LEACH 1821",1821,"Mammals",0,130,"HBL",0,"Myhrvold, Baldridge, Chan, Sivam, Freeman, and Ernest, 2015, Ecology, 96:3109-3109",70.1,0,"Myhrvold, Baldridge, Chan, Sivam, Freeman, and Ernest, 2015, Ecology, 96:3109-3109",0,1,0,"Wilman, Belmaker, Simpson, de la Rosa, Rivadeneira, and Jetz, 2014, Ecology, 95:2027-2027",1,0,0,0,1,1,0,"Wilman, Belmaker, Simpson, de la Rosa, Rivadeneira, and Jetz, 2014, Ecology, 95:2027-2027",1,1,0,0,0,0,1,1,0,0,0,0,0,1,0,0,0,4,0,"IUCN 2024. The IUCN Red List of Threatened Species. Version 2023-1",1,0,0,1,0,"IUCN 2024. The IUCN Red List of Threatened Species. Version 2023-1","Artibeus jamaicensis","LC","IUCN 2024. The IUCN Red List of Threatened Species. Version 2023-1",258,-90.49776019,15.78545489,0,15.78545489,"This work",0,0,0,0.046511628,0.953488372,0,0,0,236.0898608,1672.069232,1348.977244,70.71866334,512.0297079,289.455116,101.8999449,0.006441345,0.115206237,0.133062036,0.005378679,0,15,14
"Artibeus lituratus",1,"XAfusion","Artibeus lituratus","Artibeus","Phyllostomidae","Chiroptera","Chiroptera","Mammalia","OLFERS 1818",1818,"Mammals",0,130,"HBL",0,"Myhrvold, Baldridge, Chan, Sivam, Freeman, and Ernest, 2015, Ecology, 96:3109-3109",70.1,0,"Myhrvold, Baldridge, Chan, Sivam, Freeman, and Ernest, 2015, Ecology, 96:3109-3109",0,1,0,"Jones, Bielby, Cardillo, Fritz, O'Dell, Orme, ... and Purvis, 2009, Ecology, 90:2648-2648",1,0,0,0,1,1,0,"Wilman, Belmaker, Simpson, de la Rosa, Rivadeneira, and Jetz, 2014, Ecology, 95:2027-2027",1,1,0,0,0,0,0,0,0,0,0,0,0,1,0,0,0,2,0,"IUCN 2024. The IUCN Red List of Threatened Species. Version 2023-1",1,0,0,1,0,"IUCN 2024. The IUCN Red List of Threatened Species. Version 2023-1","Artibeus lituratus","LC","IUCN 2024. The IUCN Red List of Threatened Species. Version 2023-1",1334,-61.77883687,-5.132268857,0,5.132268857,"This work",0,0,0,0.013493253,0.986506747,0,0,0,240.1742924,1890.091233,1065.647971,59.18796638,435.7125823,1031.738308,32.47627591,0.002953967,0.073074861,0.070024983,0.073254302,0,15,14
"Artibeus obscurus",1,"XAfusion","Artibeus obscurus","Artibeus","Phyllostomidae","Chiroptera","Chiroptera","Mammalia","SCHINZ 1821",1821,"Mammals",0,130,"HBL",0,"Myhrvold, Baldridge, Chan, Sivam, Freeman, and Ernest, 2015, Ecology, 96:3109-3109",70.1,0,"Myhrvold, Baldridge, Chan, Sivam, Freeman, and Ernest, 2015, Ecology, 96:3109-3109",0,1,0,"Wilman, Belmaker, Simpson, de la Rosa, Rivadeneira, and Jetz, 2014, Ecology, 95:2027-2027",1,0,0,0,1,1,0,"Wilman, Belmaker, Simpson, de la Rosa, Rivadeneira, and Jetz, 2014, Ecology, 95:2027-2027",1,1,1,0,0,0,0,0,0,0,0,0,0,0,0,0,0,2,0,"IUCN 2024. The IUCN Red List of Threatened Species. Version 2023-1",1,0,0,1,0,"IUCN 2024. The IUCN Red List of Threatened Species. Version 2023-1","Artibeus obscurus","LC","IUCN 2024. The IUCN Red List of Threatened Species. Version 2023-1",998,-56.89439361,-7.952922352,0,7.952922352,"This work",0,0,0,0,1,0,0,0,246.2262123,1942.310163,970.5974431,58.18544291,330.3716575,1219.6683,19.81670576,0.002212506,0.065518009,0.044624263,0.078623397,0,15,14
"Artibeus planirostris",1,"XAfusion","Artibeus planirostris","Artibeus","Phyllostomidae","Chiroptera","Chiroptera","Mammalia","SPIX 1823",1823,"Mammals",0,93,"HBL",0,"Soria, Pacifici, Di Marco, Stephen, and Rondinini, 2021, Ecology, 102:e03344",47,0,"Faurby and Svenning, 2016, Am. Nat., 187:812-20",0,1,0,"Soria, Pacifici, Di Marco, Stephen, and Rondinini, 2021, Ecology, 102:e03344",1,0,0,0,1,1,0,"Soria, Pacifici, Di Marco, Stephen, and Rondinini, 2021, Ecology, 102:e03344",1,1,0,0,0,0,0,0,0,0,0,0,0,1,0,0,0,2,0,"IUCN 2024. The IUCN Red List of Threatened Species. Version 2023-1",1,0,0,1,0,"IUCN 2024. The IUCN Red List of Threatened Species. Version 2023-1","Artibeus planirostris","LC","IUCN 2024. The IUCN Red List of Threatened Species. Version 2023-1",975,-56.33606517,-8.55508033,0,8.55508033,"This work",0,0,0,0,1,0,0,0,248.0996057,1831.613073,1045.351921,62.95457003,322.5603521,1104.553073,16.5657995,0.001914668,0.073003652,0.041986281,0.101499564,0,15,14
"Brachyphylla nana",0,"XY","Brachyphylla nana","Brachyphylla","Phyllostomidae","Chiroptera","Chiroptera","Mammalia","MILLER 1902",1902,"Mammals",0,84.19,"HBL",0,"Myhrvold, Baldridge, Chan, Sivam, Freeman, and Ernest, 2015, Ecology, 96:3109-3109",45.5,0,"Myhrvold, Baldridge, Chan, Sivam, Freeman, and Ernest, 2015, Ecology, 96:3109-3109",0,1,0,"Wilman, Belmaker, Simpson, de la Rosa, Rivadeneira, and Jetz, 2014, Ecology, 95:2027-2027",1,0,0,0,1,1,0,"Wilman, Belmaker, Simpson, de la Rosa, Rivadeneira, and Jetz, 2014, Ecology, 95:2027-2027",1,0,0,0,0,0,0,1,0,0,0,0,0,0,0,0,0,1,0,"IUCN 2024. The IUCN Red List of Threatened Species. Version 2023-1",1,0,0,1,0,"IUCN 2024. The IUCN Red List of Threatened Species. Version 2023-1","Brachyphylla nana","LC","IUCN 2024. The IUCN Red List of Threatened Species. Version 2023-1",45,-78.91392824,21.60109753,1,21.60109753,"Marino, Leclerc, and Bellard, 2021, Glob. Chang. Biol., 28:1077-1090",0,0,0,0,1,0,0,0,248.2879331,1356.393217,1500.854969,50.60371382,142.1413712,135.4877086,193.7550295,0.005305815,0.147539529,0.113376842,0.001113476,0,16,15
"Carollia brevicauda",1,"XAfusion","Carollia brevicauda","Carollia","Phyllostomidae","Chiroptera","Chiroptera","Mammalia","SCHINZ 1821",1821,"Mammals",0,70,"HBL",0,"Myhrvold, Baldridge, Chan, Sivam, Freeman, and Ernest, 2015, Ecology, 96:3109-3109",14.85,0,"Myhrvold, Baldridge, Chan, Sivam, Freeman, and Ernest, 2015, Ecology, 96:3109-3109",0,1,0,"Wilman, Belmaker, Simpson, de la Rosa, Rivadeneira, and Jetz, 2014, Ecology, 95:2027-2027",1,0,0,0,1,1,0,"Wilman, Belmaker, Simpson, de la Rosa, Rivadeneira, and Jetz, 2014, Ecology, 95:2027-2027",1,1,1,0,0,0,0,0,0,0,0,0,0,0,0,0,0,2,0,"IUCN 2024. The IUCN Red List of Threatened Species. Version 2023-1",1,0,0,1,0,"IUCN 2024. The IUCN Red List of Threatened Species. Version 2023-1","Carollia brevicauda","LC","IUCN 2024. The IUCN Red List of Threatened Species. Version 2023-1",982,-59.97676948,-4.559619393,0,4.559619393,"This work",0,0,0,0,1,0,0,0,245.1279868,2005.96682,779.9473502,57.42364672,381.9076078,1280.521619,21.99603686,0.001878016,0.040580933,0.056293846,0.048243861,0,10,9
"Carollia castanea",1,"XAfusion","Carollia castanea","Carollia","Phyllostomidae","Chiroptera","Chiroptera","Mammalia","H. ALLEN 1890",1890,"Mammals",0,60,"HBL",0,"Myhrvold, Baldridge, Chan, Sivam, Freeman, and Ernest, 2015, Ecology, 96:3109-3109",13.3,0,"Faurby and Svenning, 2016, Am. Nat., 187:812-20",0,1,0,"Wilman, Belmaker, Simpson, de la Rosa, Rivadeneira, and Jetz, 2014, Ecology, 95:2027-2027",1,0,0,0,1,1,0,"Wilman, Belmaker, Simpson, de la Rosa, Rivadeneira, and Jetz, 2014, Ecology, 95:2027-2027",1,1,0,0,0,0,0,0,0,0,0,0,0,1,0,0,0,2,0,"IUCN 2024. The IUCN Red List of Threatened Species. Version 2023-1",1,0,0,1,0,"IUCN 2024. The IUCN Red List of Threatened Species. Version 2023-1","Carollia castanea","LC","IUCN 2024. The IUCN Red List of Threatened Species. Version 2023-1",273,-72.62144078,5.781394489,0,5.781394489,"This work",0,0,0,0,1,0,0,0,237.9759512,2391.717455,592.132193,50.51746574,477.4949915,1032.334321,47.90660964,0.003124177,0.040284344,0.11878454,0.071828412,0,10,9
"Carollia perspicillata",1,"XAfusion","Carollia perspicillata","Carollia","Phyllostomidae","Chiroptera","Chiroptera","Mammalia","LINNAEUS 1758",1758,"Mammals",0,74,"HBL",0,"Myhrvold, Baldridge, Chan, Sivam, Freeman, and Ernest, 2015, Ecology, 96:3109-3109",19.23,0,"Myhrvold, Baldridge, Chan, Sivam, Freeman, and Ernest, 2015, Ecology, 96:3109-3109",0,1,0,"Jones, Bielby, Cardillo, Fritz, O'Dell, Orme, ... and Purvis, 2009, Ecology, 90:2648-2648",1,0,0,0,1,1,0,"Wilman, Belmaker, Simpson, de la Rosa, Rivadeneira, and Jetz, 2014, Ecology, 95:2027-2027",1,1,0,0,0,0,0,1,0,0,0,0,0,0,0,0,0,2,0,"IUCN 2024. The IUCN Red List of Threatened Species. Version 2023-1",1,0,0,1,0,"IUCN 2024. The IUCN Red List of Threatened Species. Version 2023-1","Carollia perspicillata","LC","IUCN 2024. The IUCN Red List of Threatened Species. Version 2023-1",1278,-60.30370453,-6.123869585,0,6.123869585,"This work",0,0,0,0,1,0,0,0,241.7383508,1923.029278,1048.580218,57.33068319,398.5539174,1055.50126,30.25342867,0.002763884,0.071593143,0.067081378,0.076164777,0,10,9
"Carollia subrufa",1,"XAfusion","Carollia subrufa","Carollia","Phyllostomidae","Chiroptera","Chiroptera","Mammalia","HAHN 1905",1905,"Mammals",0,61,"HBL",0,"Myhrvold, Baldridge, Chan, Sivam, Freeman, and Ernest, 2015, Ecology, 96:3109-3109",15.84,0,"Myhrvold, Baldridge, Chan, Sivam, Freeman, and Ernest, 2015, Ecology, 96:3109-3109",0,1,0,"Wilman, Belmaker, Simpson, de la Rosa, Rivadeneira, and Jetz, 2014, Ecology, 95:2027-2027",1,0,0,0,1,1,0,"Wilman, Belmaker, Simpson, de la Rosa, Rivadeneira, and Jetz, 2014, Ecology, 95:2027-2027",1,1,0,0,0,0,0,1,0,0,0,0,0,1,0,0,0,3,0,"IUCN 2024. The IUCN Red List of Threatened Species. Version 2023-1",1,0,0,1,0,"IUCN 2024. The IUCN Red List of Threatened Species. Version 2023-1","Carollia subrufa","LC","IUCN 2024. The IUCN Red List of Threatened Species. Version 2023-1",38,-89.73877326,14.48385441,0,14.48385441,"This work",0,0,0,0,1,0,0,0,230.7384609,1819.758025,1042.097381,80.15678883,693.118642,190.8170056,164.5839889,0.012133246,0.167077341,0.152109683,0.000272378,0,10,9
"Centurio senex",0,"XY","Centurio senex","Centurio","Phyllostomidae","Chiroptera","Chiroptera","Mammalia","GRAY 1842",1842,"Mammals",0,68,"HBL",0,"Myhrvold, Baldridge, Chan, Sivam, Freeman, and Ernest, 2015, Ecology, 96:3109-3109",28,0,"Myhrvold, Baldridge, Chan, Sivam, Freeman, and Ernest, 2015, Ecology, 96:3109-3109",0,1,0,"Wilman, Belmaker, Simpson, de la Rosa, Rivadeneira, and Jetz, 2014, Ecology, 95:2027-2027",1,0,0,0,1,1,0,"Wilman, Belmaker, Simpson, de la Rosa, Rivadeneira, and Jetz, 2014, Ecology, 95:2027-2027",1,1,0,0,0,0,0,0,0,0,0,0,0,1,0,0,0,2,0,"IUCN 2024. The IUCN Red List of Threatened Species. Version 2023-1",1,0,0,1,0,"IUCN 2024. The IUCN Red List of Threatened Species. Version 2023-1","Centurio senex","LC","IUCN 2024. The IUCN Red List of Threatened Species. Version 2023-1",266,-83.7267714,13.52064194,0,13.52064194,"This work",0,0,0,0.060150376,0.939849624,0,0,0,238.0921474,1705.758722,1195.765392,69.31398518,518.7413676,330.9360488,78.69666482,0.005613969,0.089566797,0.139575706,0.041030792,0,14,13
"Chiroderma improvisum",0,"XY","Chiroderma improvisum","Chiroderma","Phyllostomidae","Chiroptera","Chiroptera","Mammalia","BAKER & GENOWAYS 1976",1976,"Mammals",0,83,"",1,"Phylogenetic Multiple Imputation",35.39,0,"Myhrvold, Baldridge, Chan, Sivam, Freeman, and Ernest, 2015, Ecology, 96:3109-3109",0,1,0,"Wilman, Belmaker, Simpson, de la Rosa, Rivadeneira, and Jetz, 2014, Ecology, 95:2027-2027",1,0,0,0,1,1,0,"Wilman, Belmaker, Simpson, de la Rosa, Rivadeneira, and Jetz, 2014, Ecology, 95:2027-2027",1,1,0,0,0,0,0,0,0,0,0,0,0,0,0,0,0,1,0,"IUCN 2024. The IUCN Red List of Threatened Species. Version 2023-1",1,0,0,1,0,"IUCN 2024. The IUCN Red List of Threatened Species. Version 2023-1","Chiroderma improvisum","EN","IUCN 2024. The IUCN Red List of Threatened Species. Version 2023-1",2,-61.67629962,16.1610887,1,16.1610887,"Marino, Leclerc, and Bellard, 2021, Glob. Chang. Biol., 28:1077-1090",0,0,0,0,1,0,0,0,259.4543304,1582.140566,1007.071062,35.99052096,21.45817682,67.16647094,340.2656235,0.002865485,0.016070758,0.016551359,0,0.083333333,13,12
"Chiroderma villosum",1,"XAYAfusion","Chiroderma villosum","Chiroderma","Phyllostomidae","Chiroptera","Chiroptera","Mammalia","PETERS 1860",1860,"Mammals",0,79,"HBL",0,"Myhrvold, Baldridge, Chan, Sivam, Freeman, and Ernest, 2015, Ecology, 96:3109-3109",23.81,0,"Myhrvold, Baldridge, Chan, Sivam, Freeman, and Ernest, 2015, Ecology, 96:3109-3109",0,1,0,"Wilman, Belmaker, Simpson, de la Rosa, Rivadeneira, and Jetz, 2014, Ecology, 95:2027-2027",1,0,0,0,1,1,0,"Wilman, Belmaker, Simpson, de la Rosa, Rivadeneira, and Jetz, 2014, Ecology, 95:2027-2027",1,1,0,0,0,0,0,0,0,0,0,0,0,0,0,0,0,1,0,"IUCN 2024. The IUCN Red List of Threatened Species. Version 2023-1",1,0,0,1,0,"IUCN 2024. The IUCN Red List of Threatened Species. Version 2023-1","Chiroderma villosum","LC","IUCN 2024. The IUCN Red List of Threatened Species. Version 2023-1",996,-64.41882908,-3.277633472,0,3.277633472,"This work",0,0,0,0,1,0,0,0,245.1490317,2116.14815,829.4016349,55.83704424,347.0149224,1315.705841,20.45276375,0.001671497,0.055073121,0.041230518,0.068711412,0,13,12
"Choeroniscus godmani",0,"XY","Choeroniscus godmani","Choeroniscus","Phyllostomidae","Chiroptera","Chiroptera","Mammalia","THOMAS 1903",1903,"Mammals",0,58,"HBL",0,"Myhrvold, Baldridge, Chan, Sivam, Freeman, and Ernest, 2015, Ecology, 96:3109-3109",7.9,0,"Wilman, Belmaker, Simpson, de la Rosa, Rivadeneira, and Jetz, 2014, Ecology, 95:2027-2027",0,1,0,"Wilman, Belmaker, Simpson, de la Rosa, Rivadeneira, and Jetz, 2014, Ecology, 95:2027-2027",1,0,0,0,1,1,0,"Wilman, Belmaker, Simpson, de la Rosa, Rivadeneira, and Jetz, 2014, Ecology, 95:2027-2027",1,1,0,0,0,0,0,0,0,0,0,0,0,1,0,0,0,2,0,"IUCN 2024. The IUCN Red List of Threatened Species. Version 2023-1",1,0,0,1,0,"IUCN 2024. The IUCN Red List of Threatened Species. Version 2023-1","Choeroniscus godmani","LC","IUCN 2024. The IUCN Red List of Threatened Species. Version 2023-1",314,-66.20204744,6.055283491,0,6.055283491,"This work",0,0,0,0.012738854,0.987261146,0,0,0,241.5450406,2076.580687,781.0100094,61.22492955,457.807743,903.4470245,53.85136462,0.003581095,0.05021686,0.109019107,0.072342686,0,10,9
"Choeroniscus minor",0,"XY","Choeroniscus minor","Choeroniscus","Phyllostomidae","Chiroptera","Chiroptera","Mammalia","PETERS 1868",1868,"Mammals",0,61,"HBL",0,"Nogueira, Lima, Peracchi, and Simmons, 2012, Am. Mus. Novit., 2012:1-30",12,0,"Nogueira, Lima, Peracchi, and Simmons, 2012, Am. Mus. Novit., 2012:1-30",0,1,0,"Wilman, Belmaker, Simpson, de la Rosa, Rivadeneira, and Jetz, 2014, Ecology, 95:2027-2027",1,0,0,0,1,1,0,"Wilman, Belmaker, Simpson, de la Rosa, Rivadeneira, and Jetz, 2014, Ecology, 95:2027-2027",1,1,0,0,0,1,0,0,0,0,0,0,0,1,0,0,0,3,0,"IUCN 2024. The IUCN Red List of Threatened Species. Version 2023-1",1,0,0,1,0,"IUCN 2024. The IUCN Red List of Threatened Species. Version 2023-1","Choeroniscus minor","LC","IUCN 2024. The IUCN Red List of Threatened Species. Version 2023-1",538,-61.32248544,-2.048635378,0,2.048635378,"This work",0,0,0,0,1,0,0,0,248.1787293,2215.041048,721.4637727,51.54720805,274.835269,1648.737836,19.46015876,0.001705171,0.026624248,0.039138516,0.044476348,0,10,9
"Chrotopterus auritus",0,"XY","Chrotopterus auritus","Chrotopterus","Phyllostomidae","Chiroptera","Chiroptera","Mammalia","PETERS 1856",1856,"Mammals",0,114,"HBL",0,"Myhrvold, Baldridge, Chan, Sivam, Freeman, and Ernest, 2015, Ecology, 96:3109-3109",96.1,0,"Myhrvold, Baldridge, Chan, Sivam, Freeman, and Ernest, 2015, Ecology, 96:3109-3109",0,1,0,"Wilman, Belmaker, Simpson, de la Rosa, Rivadeneira, and Jetz, 2014, Ecology, 95:2027-2027",1,0,0,0,1,1,0,"Soria, Pacifici, Di Marco, Stephen, and Rondinini, 2021, Ecology, 102:e03344",1,1,0,0,0,0,0,1,0,0,0,0,0,1,0,0,0,3,0,"IUCN 2024. The IUCN Red List of Threatened Species. Version 2023-1",1,0,0,1,0,"IUCN 2024. The IUCN Red List of Threatened Species. Version 2023-1","Chrotopterus auritus","LC","IUCN 2024. The IUCN Red List of Threatened Species. Version 2023-1",1226,-57.39825718,-8.059734084,0,8.059734084,"This work",0,0,0,0,1,0,0,0,244.0321913,1895.707892,1115.507641,58.12333203,340.9471117,1073.925788,27.06588832,0.002622325,0.071702555,0.060439515,0.081682778,0,14,13
"Dermanura azteca",1,"XAfusion","Dermanura azteca","Dermanura","Phyllostomidae","Chiroptera","Chiroptera","Mammalia","(K. ANDERSEN, 1906)",1906,"Mammals",0,75,"HBL",0,"Soria, Pacifici, Di Marco, Stephen, and Rondinini, 2021, Ecology, 102:e03344",20.38,0,"Wilman, Belmaker, Simpson, de la Rosa, Rivadeneira, and Jetz, 2014, Ecology, 95:2027-2027",0,1,0,"Wilman, Belmaker, Simpson, de la Rosa, Rivadeneira, and Jetz, 2014, Ecology, 95:2027-2027",1,0,0,0,1,1,0,"Wilman, Belmaker, Simpson, de la Rosa, Rivadeneira, and Jetz, 2014, Ecology, 95:2027-2027",1,1,0,0,0,0,0,0,0,0,0,0,0,1,0,0,0,2,0,"IUCN 2024. The IUCN Red List of Threatened Species. Version 2023-1",1,0,0,1,0,"IUCN 2024. The IUCN Red List of Threatened Species. Version 2023-1","Dermanura azteca","LC","IUCN 2024. The IUCN Red List of Threatened Species. Version 2023-1",98,-100.7603757,19.75387238,0,19.75387238,"This work",0,0,0,0.142857143,0.857142857,0,0,0,209.782047,1368.435801,1673.955424,87.61242527,1086.93248,251.1869689,138.8521003,0.012271538,0.106271415,0.137715427,0.022160459,0,15,14
"Dermanura cinerea",1,"XAYAfusion","Dermanura cinerea","Dermanura","Phyllostomidae","Chiroptera","Chiroptera","Mammalia","GERVAIS, 1856",1856,"Mammals",0,54,"",1,"Phylogenetic Multiple Imputation",12.63,0,"Wilman, Belmaker, Simpson, de la Rosa, Rivadeneira, and Jetz, 2014, Ecology, 95:2027-2027",0,1,0,"Wilman, Belmaker, Simpson, de la Rosa, Rivadeneira, and Jetz, 2014, Ecology, 95:2027-2027",1,0,0,0,1,1,0,"Wilman, Belmaker, Simpson, de la Rosa, Rivadeneira, and Jetz, 2014, Ecology, 95:2027-2027",1,1,1,0,0,0,0,0,0,0,0,0,0,1,0,0,0,3,0,"IUCN 2024. The IUCN Red List of Threatened Species. Version 2023-1",1,0,0,1,0,"IUCN 2024. The IUCN Red List of Threatened Species. Version 2023-1","Dermanura cinerea","LC","IUCN 2024. The IUCN Red List of Threatened Species. Version 2023-1",428,-48.09631579,-6.482103208,0,6.482103208,"This work",0,0,0,0,1,0,0,0,251.0686052,1574.675715,1053.43524,69.87588132,353.8160792,655.7634356,32.6038723,0.003582471,0.069948377,0.075263822,0.079584561,0,15,14
"Dermanura phaeotis",1,"XAYAfusion","Dermanura phaeotis","Dermanura","Phyllostomidae","Chiroptera","Chiroptera","Mammalia","MILLER 1902",1902,"Mammals",0,57.25,"HBL",0,"Soria, Pacifici, Di Marco, Stephen, and Rondinini, 2021, Ecology, 102:e03344",11.6,0,"Faurby, Davis, Pedersen, Schowanek, Antonelli, and Svenning, 2018, Ecology, 99:2626",0,1,0,"Wilman, Belmaker, Simpson, de la Rosa, Rivadeneira, and Jetz, 2014, Ecology, 95:2027-2027",1,0,0,0,1,1,0,"Wilman, Belmaker, Simpson, de la Rosa, Rivadeneira, and Jetz, 2014, Ecology, 95:2027-2027",1,1,0,0,0,0,0,0,0,0,0,0,0,1,0,0,0,2,0,"IUCN 2024. The IUCN Red List of Threatened Species. Version 2023-1",1,0,0,1,0,"IUCN 2024. The IUCN Red List of Threatened Species. Version 2023-1","Dermanura phaeotis","LC","IUCN 2024. The IUCN Red List of Threatened Species. Version 2023-1",424,-74.85482483,7.393507734,0,7.393507734,"This work",0,0,0,0.016509434,0.983490566,0,0,0,238.9016873,2262.788608,772.9777497,55.30249614,454.4617864,1319.972079,46.16474606,0.003051581,0.048530694,0.094342181,0.053102781,0,15,14
"Dermanura tolteca",1,"XAfusion","Dermanura tolteca","Dermanura","Phyllostomidae","Chiroptera","Chiroptera","Mammalia","(SAUSSURE, 1860)",1860,"Mammals",0,65,"HBL",0,"Soria, Pacifici, Di Marco, Stephen, and Rondinini, 2021, Ecology, 102:e03344",15.4,0,"Wilman, Belmaker, Simpson, de la Rosa, Rivadeneira, and Jetz, 2014, Ecology, 95:2027-2027",0,1,0,"Wilman, Belmaker, Simpson, de la Rosa, Rivadeneira, and Jetz, 2014, Ecology, 95:2027-2027",1,0,0,0,1,1,0,"Wilman, Belmaker, Simpson, de la Rosa, Rivadeneira, and Jetz, 2014, Ecology, 95:2027-2027",1,1,0,0,0,0,0,1,0,0,0,0,0,1,0,0,0,3,0,"IUCN 2024. The IUCN Red List of Threatened Species. Version 2023-1",1,0,0,1,0,"IUCN 2024. The IUCN Red List of Threatened Species. Version 2023-1","Dermanura tolteca","LC","IUCN 2024. The IUCN Red List of Threatened Species. Version 2023-1",139,-93.4916418,17.51751398,0,17.51751398,"This work",0,0,0,0.172661871,0.827338129,0,0,0,220.4079058,1543.327388,1781.278952,84.31889711,814.6751346,270.2243645,97.23253909,0.008033394,0.127936189,0.118917491,0.01696672,0,15,14
"Dermanura watsoni",1,"XAYAfusion","Dermanura watsoni","Dermanura","Phyllostomidae","Chiroptera","Chiroptera","Mammalia","THOMAS 1901",1901,"Mammals",0,52.5,"HBL",0,"Soria, Pacifici, Di Marco, Stephen, and Rondinini, 2021, Ecology, 102:e03344",12,0,"Faurby, Davis, Pedersen, Schowanek, Antonelli, and Svenning, 2018, Ecology, 99:2626",0,1,0,"Wilman, Belmaker, Simpson, de la Rosa, Rivadeneira, and Jetz, 2014, Ecology, 95:2027-2027",1,0,0,0,1,1,0,"Wilman, Belmaker, Simpson, de la Rosa, Rivadeneira, and Jetz, 2014, Ecology, 95:2027-2027",1,1,0,0,0,0,0,0,0,0,0,0,0,1,0,0,0,2,0,"IUCN 2024. The IUCN Red List of Threatened Species. Version 2023-1",1,0,0,1,0,"IUCN 2024. The IUCN Red List of Threatened Species. Version 2023-1","Dermanura watsoni","LC","IUCN 2024. The IUCN Red List of Threatened Species. Version 2023-1",93,-84.49759802,11.81955793,0,11.81955793,"This work",0,0,0,0,1,0,0,0,241.6992493,2743.550137,884.0727321,51.09188844,359.0343812,476.7831787,50.77539058,0.003450605,0.086941047,0.102234042,0.000225123,0,15,14
"Diaemus youngii",0,"XY","Diaemus youngii","Diaemus","Phyllostomidae","Chiroptera","Chiroptera","Mammalia","JENTINK 1893",1893,"Mammals",0,115,"HBL",0,"Myhrvold, Baldridge, Chan, Sivam, Freeman, and Ernest, 2015, Ecology, 96:3109-3109",45,0,"Myhrvold, Baldridge, Chan, Sivam, Freeman, and Ernest, 2015, Ecology, 96:3109-3109",0,1,0,"Wilman, Belmaker, Simpson, de la Rosa, Rivadeneira, and Jetz, 2014, Ecology, 95:2027-2027",1,0,1,0,0,1,0,"Wilman, Belmaker, Simpson, de la Rosa, Rivadeneira, and Jetz, 2014, Ecology, 95:2027-2027",0.75,1,0,0,0,0,0,1,0,0,0,0,0,1,0,0,0,3,0,"IUCN 2023. The IUCN Red List of Threatened Species. Version 2022-2",1,0,0,1,0,"IUCN 2024. The IUCN Red List of Threatened Species. Version 2023-1","Diaemus youngii","LC","IUCN 2024. The IUCN Red List of Threatened Species. Version 2023-1",1209,-58.39789013,-7.397055667,0,7.397055667,"This work",0,0,0,0.003308519,0.996691481,0,0,0,243.529876,1894.151909,1072.180613,58.2484628,373.4538769,1092.586819,26.24176955,0.002485841,0.068961624,0.06263121,0.079164807,0,16,15
"Ectophylla alba",0,"XY","Ectophylla alba","Ectophylla","Phyllostomidae","Chiroptera","Chiroptera","Mammalia","H. ALLEN 1892",1892,"Mammals",0,47,"HBL",0,"Myhrvold, Baldridge, Chan, Sivam, Freeman, and Ernest, 2015, Ecology, 96:3109-3109",5.8,0,"Faurby and Svenning, 2016, Am. Nat., 187:812-20",0,1,0,"Wilman, Belmaker, Simpson, de la Rosa, Rivadeneira, and Jetz, 2014, Ecology, 95:2027-2027",1,0,0,0,1,1,0,"Wilman, Belmaker, Simpson, de la Rosa, Rivadeneira, and Jetz, 2014, Ecology, 95:2027-2027",1,1,0,0,0,0,0,0,0,0,0,0,0,0,0,0,0,1,0,"IUCN 2024. The IUCN Red List of Threatened Species. Version 2023-1",1,0,0,1,0,"IUCN 2024. The IUCN Red List of Threatened Species. Version 2023-1","Ectophylla alba","NT","IUCN 2024. The IUCN Red List of Threatened Species. Version 2023-1",23,-84.4418914,13.31384556,0,13.31384556,"This work",0,0,0,0,1,0,0,0,249.590281,2695.013924,693.2207308,53.8736552,204.6802382,582.4816664,26.20445757,0.002166177,0.072604046,0.111595516,0.000185091,0,15,14
"Erophylla bombifrons",0,"XY","Erophylla bombifrons","Erophylla","Phyllostomidae","Chiroptera","Chiroptera","Mammalia","MILLER 1899",1899,"Mammals",0,84,"",1,"Phylogenetic Multiple Imputation",35,0,"Myhrvold, Baldridge, Chan, Sivam, Freeman, and Ernest, 2015, Ecology, 96:3109-3109",0,1,0,"Wilman, Belmaker, Simpson, de la Rosa, Rivadeneira, and Jetz, 2014, Ecology, 95:2027-2027",1,0,0,0,1,1,0,"Wilman, Belmaker, Simpson, de la Rosa, Rivadeneira, and Jetz, 2014, Ecology, 95:2027-2027",1,0,0,0,0,0,0,1,0,0,0,0,0,0,0,0,0,1,0,"IUCN 2024. The IUCN Red List of Threatened Species. Version 2023-1",1,0,0,1,0,"IUCN 2024. The IUCN Red List of Threatened Species. Version 2023-1","Erophylla bombifrons","LC","IUCN 2024. The IUCN Red List of Threatened Species. Version 2023-1",19,-71.26235614,18.90842251,1,18.90842251,"Marino, Leclerc, and Bellard, 2021, Glob. Chang. Biol., 28:1077-1090",0,0,0,0,1,0,0,0,243.88272,1383.999678,1251.459877,41.09054386,260.8558802,144.8287833,318.0007582,0.016115075,0.144661008,0.101994615,3.99745e-06,0,16,15
"Erophylla sezekorni",0,"XY","Erophylla sezekorni","Erophylla","Phyllostomidae","Chiroptera","Chiroptera","Mammalia","GUNDLACH 1861",1861,"Mammals",0,84,"",1,"Phylogenetic Multiple Imputation",35,0,"Myhrvold, Baldridge, Chan, Sivam, Freeman, and Ernest, 2015, Ecology, 96:3109-3109",0,1,0,"Wilman, Belmaker, Simpson, de la Rosa, Rivadeneira, and Jetz, 2014, Ecology, 95:2027-2027",1,0,0,0,1,1,0,"Soria, Pacifici, Di Marco, Stephen, and Rondinini, 2021, Ecology, 102:e03344",1,0,0,0,0,0,0,1,0,0,0,0,0,0,0,0,0,1,0,"IUCN 2024. The IUCN Red List of Threatened Species. Version 2023-1",1,0,0,1,0,"IUCN 2024. The IUCN Red List of Threatened Species. Version 2023-1","Erophylla sezekorni","LC","IUCN 2024. The IUCN Red List of Threatened Species. Version 2023-1",40,-78.91392824,21.60109753,1,21.60109753,"Marino, Leclerc, and Bellard, 2021, Glob. Chang. Biol., 28:1077-1090",0,0,0,0,1,0,0,0,251.8616818,1349.13376,1659.133651,56.02251671,55.28571357,129.7322678,123.6236299,0.003488765,0.137680589,0.112468311,0.001764201,0,16,15
"Glossophaga soricina",0,"XY","Glossophaga soricina","Glossophaga","Phyllostomidae","Chiroptera","Chiroptera","Mammalia","PALLAS 1766",1766,"Mammals",0,59,"HBL",0,"Myhrvold, Baldridge, Chan, Sivam, Freeman, and Ernest, 2015, Ecology, 96:3109-3109",25,0,"Myhrvold, Baldridge, Chan, Sivam, Freeman, and Ernest, 2015, Ecology, 96:3109-3109",0,1,0,"Wilman, Belmaker, Simpson, de la Rosa, Rivadeneira, and Jetz, 2014, Ecology, 95:2027-2027",1,0,0,0,1,1,0,"Soria, Pacifici, Di Marco, Stephen, and Rondinini, 2021, Ecology, 102:e03344",1,1,1,0,0,0,0,1,0,0,0,0,0,1,0,0,0,4,0,"IUCN 2024. The IUCN Red List of Threatened Species. Version 2023-1",1,0,0,1,0,"IUCN 2024. The IUCN Red List of Threatened Species. Version 2023-1","Glossophaga soricina","LC","IUCN 2024. The IUCN Red List of Threatened Species. Version 2023-1",1405,-62.5687674,-5.032557464,0,5.032557464,"This work",0,0,0,0.025622776,0.974377224,0,0,0,236.8571624,1836.234316,1138.337061,60.52592076,488.1398123,1002.034983,34.27820224,0.003032784,0.072946134,0.07039532,0.075946026,0,16,15
"Glyphonycteris daviesi",0,"XY","Glyphonycteris daviesi","Glyphonycteris","Phyllostomidae","Chiroptera","Chiroptera","Mammalia","HILL 1964",1964,"Mammals",0,88,"HBL",0,"Myhrvold, Baldridge, Chan, Sivam, Freeman, and Ernest, 2015, Ecology, 96:3109-3109",18.61,0,"Wilman, Belmaker, Simpson, de la Rosa, Rivadeneira, and Jetz, 2014, Ecology, 95:2027-2027",0,1,0,"Wilman, Belmaker, Simpson, de la Rosa, Rivadeneira, and Jetz, 2014, Ecology, 95:2027-2027",1,0,0,0,1,1,0,"Soria, Pacifici, Di Marco, Stephen, and Rondinini, 2021, Ecology, 102:e03344",1,1,0,0,0,0,0,0,0,0,0,0,0,0,0,0,0,1,0,"IUCN 2024. The IUCN Red List of Threatened Species. Version 2023-1",1,0,0,1,0,"IUCN 2024. The IUCN Red List of Threatened Species. Version 2023-1","Glyphonycteris daviesi","LC","IUCN 2024. The IUCN Red List of Threatened Species. Version 2023-1",477,-64.00422652,-1.86344123,0,1.86344123,"This work",0,0,0,0,1,0,0,0,249.7143065,2458.770784,566.8374414,46.45735986,210.0273623,2109.477599,4.060214345,0.000423262,0.007673804,0.008833985,0.02716408,0,14,13
"Lampronycteris brachyotis",0,"XY","Lampronycteris brachyotis","Lampronycteris","Phyllostomidae","Chiroptera","Chiroptera","Mammalia","DOBSON 1879",1879,"Mammals",0,62,"HBL",0,"Myhrvold, Baldridge, Chan, Sivam, Freeman, and Ernest, 2015, Ecology, 96:3109-3109",11,0,"Faurby and Svenning, 2016, Am. Nat., 187:812-20",0,1,0,"Wilman, Belmaker, Simpson, de la Rosa, Rivadeneira, and Jetz, 2014, Ecology, 95:2027-2027",1,0,0,0,1,1,0,"Soria, Pacifici, Di Marco, Stephen, and Rondinini, 2021, Ecology, 102:e03344",1,1,0,0,0,0,0,1,0,0,0,0,0,1,0,0,0,3,0,"IUCN 2024. The IUCN Red List of Threatened Species. Version 2023-1",1,0,0,1,0,"IUCN 2024. The IUCN Red List of Threatened Species. Version 2023-1","Lampronycteris brachyotis","LC","IUCN 2024. The IUCN Red List of Threatened Species. Version 2023-1",406,-59.91938564,1.128134483,0,1.128134483,"This work",0,0,0,0,1,0,0,0,252.2919477,2251.936323,709.6125486,53.72463802,197.9285439,1723.996985,16.19805195,0.001444789,0.024003151,0.025399612,0.037507193,0,16,15
"Lionycteris spurrelli",0,"XY","Lionycteris spurrelli","Lionycteris","Phyllostomidae","Chiroptera","Chiroptera","Mammalia","THOMAS 1913",1913,"Mammals",0,60,"HBL",0,"Myhrvold, Baldridge, Chan, Sivam, Freeman, and Ernest, 2015, Ecology, 96:3109-3109",8.85,0,"Myhrvold, Baldridge, Chan, Sivam, Freeman, and Ernest, 2015, Ecology, 96:3109-3109",0,1,0,"Wilman, Belmaker, Simpson, de la Rosa, Rivadeneira, and Jetz, 2014, Ecology, 95:2027-2027",1,0,0,0,1,1,0,"Wilman, Belmaker, Simpson, de la Rosa, Rivadeneira, and Jetz, 2014, Ecology, 95:2027-2027",1,1,1,0,0,0,0,1,0,0,0,0,0,1,0,0,0,4,0,"IUCN 2024. The IUCN Red List of Threatened Species. Version 2023-1",1,0,0,1,0,"IUCN 2024. The IUCN Red List of Threatened Species. Version 2023-1","Lionycteris spurrelli","LC","IUCN 2024. The IUCN Red List of Threatened Species. Version 2023-1",663,-64.47480926,-1.597473855,0,1.597473855,"This work",0,0,0,0,1,0,0,0,243.8583751,2300.168633,592.15433,49.82572922,359.5578097,1692.517047,15.75978445,0.001079991,0.02134697,0.044410614,0.032348655,0.071428571,14,13
"Lonchophylla robusta",0,"XY","Lonchophylla robusta","Lonchophylla","Phyllostomidae","Chiroptera","Chiroptera","Mammalia","MILLER 1912",1912,"Mammals",0,78,"HBL",0,"Myhrvold, Baldridge, Chan, Sivam, Freeman, and Ernest, 2015, Ecology, 96:3109-3109",17.2,0,"Faurby and Svenning, 2016, Am. Nat., 187:812-20",0,1,0,"Wilman, Belmaker, Simpson, de la Rosa, Rivadeneira, and Jetz, 2014, Ecology, 95:2027-2027",1,0,0,0,1,1,0,"Wilman, Belmaker, Simpson, de la Rosa, Rivadeneira, and Jetz, 2014, Ecology, 95:2027-2027",1,1,0,0,0,0,0,1,0,0,0,0,0,1,0,0,0,3,0,"IUCN 2024. The IUCN Red List of Threatened Species. Version 2023-1",1,0,0,1,0,"IUCN 2024. The IUCN Red List of Threatened Species. Version 2023-1","Lonchophylla robusta","LC","IUCN 2024. The IUCN Red List of Threatened Species. Version 2023-1",144,-75.71436932,5.149733927,0,5.149733927,"This work",0,0,0,0,1,0,0,0,224.0651474,2425.099085,457.1893155,46.03446601,781.54888,495.3483793,77.5307802,0.004704547,0.056741384,0.194139341,0.030603365,0.071428571,14,13
"Lonchophylla thomasi",0,"XY","Lonchophylla thomasi","Lonchophylla","Phyllostomidae","Chiroptera","Chiroptera","Mammalia","J.A. ALLEN, 1904",1904,"Mammals",1,57,"HBL",0,"Myhrvold, Baldridge, Chan, Sivam, Freeman, and Ernest, 2015, Ecology, 96:3109-3109",14,0,"Myhrvold, Baldridge, Chan, Sivam, Freeman, and Ernest, 2015, Ecology, 96:3109-3109",0,1,0,"Wilman, Belmaker, Simpson, de la Rosa, Rivadeneira, and Jetz, 2014, Ecology, 95:2027-2027",1,0,0,0,1,1,0,"Wilman, Belmaker, Simpson, de la Rosa, Rivadeneira, and Jetz, 2014, Ecology, 95:2027-2027",1,1,0,0,0,0,0,1,0,0,0,0,0,1,0,0,0,3,0,"IUCN 2024. The IUCN Red List of Threatened Species. Version 2023-1",1,0,0,1,0,"IUCN 2024. The IUCN Red List of Threatened Species. Version 2023-1","Lonchophylla thomasi","LC","IUCN 2024. The IUCN Red List of Threatened Species. Version 2023-1",755,-64.4546205,-3.003724076,0,3.003724076,"This work",0,0,0,0,1,0,0,0,241.4554885,2243.473021,655.7750615,51.49098993,406.7010438,1573.826022,15.58985391,0.00110178,0.028083941,0.043937117,0.035397509,0.733333333,16,15
"Lonchorhina aurita",0,"XY","Lonchorhina aurita","Lonchorhina","Phyllostomidae","Chiroptera","Chiroptera","Mammalia","TOMES 1863",1863,"Mammals",0,74,"HBL",0,"Myhrvold, Baldridge, Chan, Sivam, Freeman, and Ernest, 2015, Ecology, 96:3109-3109",16,0,"Myhrvold, Baldridge, Chan, Sivam, Freeman, and Ernest, 2015, Ecology, 96:3109-3109",0,1,0,"Wilman, Belmaker, Simpson, de la Rosa, Rivadeneira, and Jetz, 2014, Ecology, 95:2027-2027",1,0,0,0,1,1,0,"Soria, Pacifici, Di Marco, Stephen, and Rondinini, 2021, Ecology, 102:e03344",1,1,0,0,0,0,0,1,0,0,0,0,0,1,0,0,0,3,0,"IUCN 2024. The IUCN Red List of Threatened Species. Version 2023-1",1,0,0,1,0,"IUCN 2024. The IUCN Red List of Threatened Species. Version 2023-1","Lonchorhina aurita","LC","IUCN 2024. The IUCN Red List of Threatened Species. Version 2023-1",1083,-58.42497572,-5.317195132,0,5.317195132,"This work",0,0,0,0,1,0,0,0,246.2564427,1978.887981,851.5003603,59.14406851,354.6733756,1167.423872,28.72450718,0.002693486,0.062933933,0.06068193,0.074225304,0,16,15
"Lophostoma brasiliense",0,"XY","Lophostoma brasiliense","Lophostoma","Phyllostomidae","Chiroptera","Chiroptera","Mammalia","PETERS 1866",1866,"Mammals",0,61,"HBL",0,"Myhrvold, Baldridge, Chan, Sivam, Freeman, and Ernest, 2015, Ecology, 96:3109-3109",9.76,0,"Wilman, Belmaker, Simpson, de la Rosa, Rivadeneira, and Jetz, 2014, Ecology, 95:2027-2027",0,1,0,"Wilman, Belmaker, Simpson, de la Rosa, Rivadeneira, and Jetz, 2014, Ecology, 95:2027-2027",1,0,0,0,1,1,0,"Soria, Pacifici, Di Marco, Stephen, and Rondinini, 2021, Ecology, 102:e03344",1,1,1,0,0,0,0,0,0,0,0,0,0,1,0,0,0,3,0,"IUCN 2024. The IUCN Red List of Threatened Species. Version 2023-1",1,0,0,1,0,"IUCN 2024. The IUCN Red List of Threatened Species. Version 2023-1","Lophostoma brasiliense","LC","IUCN 2024. The IUCN Red List of Threatened Species. Version 2023-1",797,-63.1030343,-2.061316364,0,2.061316364,"This work",0,0,0,0,1,0,0,0,246.096284,2132.499489,717.2887091,54.14623235,343.4937527,1493.934631,18.93017473,0.001651433,0.028771126,0.042833364,0.036186799,0,15,14
"Lophostoma schulzi",0,"XY","Lophostoma schulzi","Lophostoma","Phyllostomidae","Chiroptera","Chiroptera","Mammalia","GENOWAYS & WILLIAMS 1980",1980,"Mammals",0,73,"",1,"Phylogenetic Multiple Imputation",18.2,0,"Faurby and Svenning, 2016, Am. Nat., 187:812-20",0,1,0,"Wilman, Belmaker, Simpson, de la Rosa, Rivadeneira, and Jetz, 2014, Ecology, 95:2027-2027",1,0,0,0,1,1,0,"Soria, Pacifici, Di Marco, Stephen, and Rondinini, 2021, Ecology, 102:e03344",1,1,0,0,0,0,0,0,0,0,0,0,0,0,0,0,0,1,0,"IUCN 2024. The IUCN Red List of Threatened Species. Version 2023-1",1,0,0,1,0,"IUCN 2024. The IUCN Red List of Threatened Species. Version 2023-1","Lophostoma schulzi","LC","IUCN 2024. The IUCN Red List of Threatened Species. Version 2023-1",65,-55.59263111,2.710444069,0,2.710444069,"This work",0,0,0,0,1,0,0,0,253.3201221,2281.906616,788.4327101,51.46140418,198.4927388,2111.008417,2.900906023,0.000248682,0.003730783,0.000964437,0.003342466,0.64285714,14,13
"Lophostoma silvicola",0,"XY","Lophostoma silvicola","Lophostoma","Phyllostomidae","Chiroptera","Chiroptera","Mammalia","D'ORBIGNY 1836",1836,"Mammals",0,89,"HBL",0,"Myhrvold, Baldridge, Chan, Sivam, Freeman, and Ernest, 2015, Ecology, 96:3109-3109",32.29,0,"Wilman, Belmaker, Simpson, de la Rosa, Rivadeneira, and Jetz, 2014, Ecology, 95:2027-2027",0,1,0,"Wilman, Belmaker, Simpson, de la Rosa, Rivadeneira, and Jetz, 2014, Ecology, 95:2027-2027",1,0,0,0,1,1,0,"Soria, Pacifici, Di Marco, Stephen, and Rondinini, 2021, Ecology, 102:e03344",1,1,0,0,0,0,0,0,0,0,0,0,0,0,0,0,0,1,0,"IUCN 2024. The IUCN Red List of Threatened Species. Version 2023-1",1,0,0,1,0,"IUCN 2024. The IUCN Red List of Threatened Species. Version 2023-1","Lophostoma silvicolum","LC","IUCN 2024. The IUCN Red List of Threatened Species. Version 2023-1",760,-62.94471362,-3.003642507,0,3.003642507,"This work",0,0,0,0,1,0,0,0,248.5061049,2204.402631,740.6050716,51.67193028,276.825405,1525.688656,17.91538685,0.001447814,0.027431474,0.043808479,0.032400219,0.11764706,17,16
"Macrotus californicus",0,"XY","Macrotus californicus","Macrotus","Phyllostomidae","Chiroptera","Chiroptera","Mammalia","BAIRD 1858",1858,"Mammals",0,67,"HBL",0,"Myhrvold, Baldridge, Chan, Sivam, Freeman, and Ernest, 2015, Ecology, 96:3109-3109",22,0,"Myhrvold, Baldridge, Chan, Sivam, Freeman, and Ernest, 2015, Ecology, 96:3109-3109",0,1,0,"Wilman, Belmaker, Simpson, de la Rosa, Rivadeneira, and Jetz, 2014, Ecology, 95:2027-2027",1,0,0,0,1,1,0,"Soria, Pacifici, Di Marco, Stephen, and Rondinini, 2021, Ecology, 102:e03344",1,1,0,1,0,0,0,1,0,0,0,0,0,1,0,0,0,4,0,"IUCN 2024. The IUCN Red List of Threatened Species. Version 2023-1",1,0,0,1,0,"IUCN 2024. The IUCN Red List of Threatened Species. Version 2023-1","Macrotus californicus","LC","IUCN 2024. The IUCN Red List of Threatened Species. Version 2023-1",92,-112.0962546,30.63828212,0,30.63828212,"This work",0,0,0,0.902173913,0.097826087,0,0,0,204.7051829,330.7871627,6142.70531,77.09671682,687.6484591,298.0695759,26.4225724,0.004497298,0.056323319,0.00417722,0.232419787,0.421052632,20,19
"Macrotus waterhousii",0,"XY","Macrotus waterhousii","Macrotus","Phyllostomidae","Chiroptera","Chiroptera","Mammalia","GRAY 1843",1843,"Mammals",0,67,"HBL",0,"Myhrvold, Baldridge, Chan, Sivam, Freeman, and Ernest, 2015, Ecology, 96:3109-3109",16.27,0,"Myhrvold, Baldridge, Chan, Sivam, Freeman, and Ernest, 2015, Ecology, 96:3109-3109",0,1,0,"Wilman, Belmaker, Simpson, de la Rosa, Rivadeneira, and Jetz, 2014, Ecology, 95:2027-2027",1,0,0,0,1,1,0,"Soria, Pacifici, Di Marco, Stephen, and Rondinini, 2021, Ecology, 102:e03344",1,1,0,0,0,0,0,1,0,0,0,0,0,1,0,0,0,3,0,"IUCN 2024. The IUCN Red List of Threatened Species. Version 2023-1",1,0,0,1,0,"IUCN 2024. The IUCN Red List of Threatened Species. Version 2023-1","Macrotus waterhousii","LC","IUCN 2024. The IUCN Red List of Threatened Species. Version 2023-1",129,-100.3114069,19.57636023,0,19.57636023,"This work",0,0,0,0.131782946,0.868217054,0,0,0,217.0911562,1211.227141,1911.649754,85.29840982,918.7489604,229.0257405,146.212342,0.010314424,0.129164838,0.127751886,0.005733646,0.636363636,23,22
"Mesophylla macconnelli",1,"XAYAfusion","Mesophylla macconnelli","Mesophylla","Phyllostomidae","Chiroptera","Chiroptera","Mammalia","THOMAS 1901",1901,"Mammals",0,52,"HBL",0,"Myhrvold, Baldridge, Chan, Sivam, Freeman, and Ernest, 2015, Ecology, 96:3109-3109",6.92,0,"Wilman, Belmaker, Simpson, de la Rosa, Rivadeneira, and Jetz, 2014, Ecology, 95:2027-2027",0,1,0,"Wilman, Belmaker, Simpson, de la Rosa, Rivadeneira, and Jetz, 2014, Ecology, 95:2027-2027",1,0,0,0,1,1,0,"Wilman, Belmaker, Simpson, de la Rosa, Rivadeneira, and Jetz, 2014, Ecology, 95:2027-2027",1,1,0,0,0,0,0,0,0,0,0,0,0,0,0,0,0,1,0,"IUCN 2024. The IUCN Red List of Threatened Species. Version 2023-1",1,0,0,1,0,"IUCN 2024. The IUCN Red List of Threatened Species. Version 2023-1","Mesophylla macconnelli","LC","IUCN 2024. The IUCN Red List of Threatened Species. Version 2023-1",810,-64.04232169,-3.296195937,0,3.296195937,"This work",0,0,0,0,1,0,0,0,243.8311872,2229.685931,666.2672735,52.52245419,366.6083538,1515.117841,15.70715164,0.001134265,0.031330103,0.040687558,0.050506348,1,11,10
"Micronycteris hirsuta",0,"XY","Micronycteris hirsuta","Micronycteris","Phyllostomidae","Chiroptera","Chiroptera","Mammalia","PETERS 1869",1869,"Mammals",0,66,"HBL",0,"Myhrvold, Baldridge, Chan, Sivam, Freeman, and Ernest, 2015, Ecology, 96:3109-3109",12.89,0,"Myhrvold, Baldridge, Chan, Sivam, Freeman, and Ernest, 2015, Ecology, 96:3109-3109",0,1,0,"Wilman, Belmaker, Simpson, de la Rosa, Rivadeneira, and Jetz, 2014, Ecology, 95:2027-2027",1,0,0,0,1,1,0,"Soria, Pacifici, Di Marco, Stephen, and Rondinini, 2021, Ecology, 102:e03344",1,1,0,0,0,0,0,0,0,0,0,0,0,1,0,0,0,2,0,"IUCN 2024. The IUCN Red List of Threatened Species. Version 2023-1",1,0,0,1,0,"IUCN 2024. The IUCN Red List of Threatened Species. Version 2023-1","Micronycteris hirsuta","LC","IUCN 2024. The IUCN Red List of Threatened Species. Version 2023-1",645,-67.26133945,0.129354112,0,0.129354112,"This work",0,0,0,0,0.996899225,0,0,0,245.3495707,2321.895041,627.6681106,47.38217211,306.0615274,1643.439659,23.40258923,0.00166156,0.025872847,0.054440186,0.036090966,0.86666667,15,14
"Micronycteris megalotis",0,"XY","Micronycteris megalotis","Micronycteris","Phyllostomidae","Chiroptera","Chiroptera","Mammalia","GRAY 1842",1842,"Mammals",0,51,"",1,"Phylogenetic Multiple Imputation",6.4,0,"Myhrvold, Baldridge, Chan, Sivam, Freeman, and Ernest, 2015, Ecology, 96:3109-3109",0,1,0,"Wilman, Belmaker, Simpson, de la Rosa, Rivadeneira, and Jetz, 2014, Ecology, 95:2027-2027",1,0,0,0,1,1,0,"Soria, Pacifici, Di Marco, Stephen, and Rondinini, 2021, Ecology, 102:e03344",1,1,0,0,0,0,0,1,0,0,0,0,0,1,0,0,0,3,0,"IUCN 2024. The IUCN Red List of Threatened Species. Version 2023-1",1,0,0,1,0,"IUCN 2024. The IUCN Red List of Threatened Species. Version 2023-1","Micronycteris megalotis","LC","IUCN 2024. The IUCN Red List of Threatened Species. Version 2023-1",1087,-59.12158375,-6.152353398,0,6.152353398,"This work",0,0,0,0,1,0,0,0,242.9307438,1923.408908,895.1026076,59.8852198,425.8014875,1172.926919,24.9202313,0.002317189,0.053255631,0.058449032,0.075368978,0.210526316,20,19
"Micronycteris minuta",0,"XY","Micronycteris minuta","Micronycteris","Phyllostomidae","Chiroptera","Chiroptera","Mammalia","GERVAIS 1856",1856,"Mammals",0,55,"HBL",0,"Myhrvold, Baldridge, Chan, Sivam, Freeman, and Ernest, 2015, Ecology, 96:3109-3109",6.9,0,"Myhrvold, Baldridge, Chan, Sivam, Freeman, and Ernest, 2015, Ecology, 96:3109-3109",0,1,0,"Wilman, Belmaker, Simpson, de la Rosa, Rivadeneira, and Jetz, 2014, Ecology, 95:2027-2027",1,0,0,0,1,1,0,"Soria, Pacifici, Di Marco, Stephen, and Rondinini, 2021, Ecology, 102:e03344",1,1,0,0,0,0,0,1,0,0,0,0,0,1,0,0,0,3,0,"IUCN 2024. The IUCN Red List of Threatened Species. Version 2023-1",1,0,0,1,0,"IUCN 2024. The IUCN Red List of Threatened Species. Version 2023-1","Micronycteris minuta","LC","IUCN 2024. The IUCN Red List of Threatened Species. Version 2023-1",1104,-58.77317043,-6.042118352,0,6.042118352,"This work",0,0,0,0,1,0,0,0,245.2891228,1976.76808,894.1151685,58.12658176,363.4384378,1150.855581,25.74039897,0.002476381,0.063305802,0.059508992,0.076785605,0.076923077,14,13
"Micronycteris schmidtorum",0,"XY","Micronycteris schmidtorum","Micronycteris","Phyllostomidae","Chiroptera","Chiroptera","Mammalia","SANBORN 1935",1935,"Mammals",0,54,"HBL",0,"Myhrvold, Baldridge, Chan, Sivam, Freeman, and Ernest, 2015, Ecology, 96:3109-3109",7.73,0,"Myhrvold, Baldridge, Chan, Sivam, Freeman, and Ernest, 2015, Ecology, 96:3109-3109",0,1,0,"Wilman, Belmaker, Simpson, de la Rosa, Rivadeneira, and Jetz, 2014, Ecology, 95:2027-2027",1,0,0,0,1,1,0,"Soria, Pacifici, Di Marco, Stephen, and Rondinini, 2021, Ecology, 102:e03344",1,1,0,0,0,0,0,0,0,0,0,0,0,0,0,0,0,1,0,"IUCN 2024. The IUCN Red List of Threatened Species. Version 2023-1",1,0,0,1,0,"IUCN 2024. The IUCN Red List of Threatened Species. Version 2023-1","Micronycteris schmidtorum","LC","IUCN 2024. The IUCN Red List of Threatened Species. Version 2023-1",678,-60.84483463,-2.431551034,0,2.431551034,"This work",0,0,0,0,1,0,0,0,249.0280993,2162.538157,734.0185645,53.25763735,273.307599,1477.570524,34.24652576,0.002771677,0.03767396,0.063868195,0.029986325,0.15789474,19,18
"Mimon bennettii",0,"XY","Mimon bennettii","Mimon","Phyllostomidae","Chiroptera","Chiroptera","Mammalia","GRAY 1838",1838,"Mammals",0,75,"HBL",0,"Myhrvold, Baldridge, Chan, Sivam, Freeman, and Ernest, 2015, Ecology, 96:3109-3109",25.2,0,"Wilman, Belmaker, Simpson, de la Rosa, Rivadeneira, and Jetz, 2014, Ecology, 95:2027-2027",0,1,0,"Wilman, Belmaker, Simpson, de la Rosa, Rivadeneira, and Jetz, 2014, Ecology, 95:2027-2027",1,0,0,0,1,1,0,"Soria, Pacifici, Di Marco, Stephen, and Rondinini, 2021, Ecology, 102:e03344",1,1,1,0,0,0,0,1,0,0,0,0,0,0,0,0,0,3,0,"IUCN 2024. The IUCN Red List of Threatened Species. Version 2023-1",1,0,0,1,0,"IUCN 2024. The IUCN Red List of Threatened Species. Version 2023-1","Mimon bennettii","LC","IUCN 2024. The IUCN Red List of Threatened Species. Version 2023-1",445,-51.69316355,-7.117887686,0,7.117887686,"This work",0,0,0,0,1,0,0,0,244.3375649,1710.638605,1209.970903,64.70795826,368.1130557,770.499785,48.37431485,0.005313601,0.115789102,0.09319318,0.11746444,0,15,14
"Gardnerycteris crenulata",0,"XY","Gardnerycteris crenulata","Mimon","Phyllostomidae","Chiroptera","Chiroptera","Mammalia","(Ã‰. GEOFFROY, 1810)",1810,"Mammals",0,75,"HBL",0,"Myhrvold, Baldridge, Chan, Sivam, Freeman, and Ernest, 2015, Ecology, 96:3109-3109",13.91,0,"Myhrvold, Baldridge, Chan, Sivam, Freeman, and Ernest, 2015, Ecology, 96:3109-3109",0,1,0,"Wilman, Belmaker, Simpson, de la Rosa, Rivadeneira, and Jetz, 2014, Ecology, 95:2027-2027",1,0,0,0,1,1,0,"Soria, Pacifici, Di Marco, Stephen, and Rondinini, 2021, Ecology, 102:e03344",1,1,1,0,0,0,0,0,0,0,0,0,0,1,0,0,0,3,0,"IUCN 2024. The IUCN Red List of Threatened Species. Version 2023-1",1,0,0,1,0,"IUCN 2024. The IUCN Red List of Threatened Species. Version 2023-1","Gardnerycteris crenulatum","LC","IUCN 2024. The IUCN Red List of Threatened Species. Version 2023-1",1032,-59.88925948,-4.263645176,0,4.263645176,"This work",0,0,0,0,1,0,0,0,246.0097517,2012.391623,777.4983552,58.39366171,370.9763018,1236.370097,21.48281059,0.001857175,0.047093613,0.056404191,0.065636882,0,16,15
"Phylloderma stenops",0,"XY","Phylloderma stenops","Phylloderma","Phyllostomidae","Chiroptera","Chiroptera","Mammalia","PETERS 1865",1865,"Mammals",0,115,"HBL",0,"Myhrvold, Baldridge, Chan, Sivam, Freeman, and Ernest, 2015, Ecology, 96:3109-3109",55.82,0,"Myhrvold, Baldridge, Chan, Sivam, Freeman, and Ernest, 2015, Ecology, 96:3109-3109",0,1,0,"Wilman, Belmaker, Simpson, de la Rosa, Rivadeneira, and Jetz, 2014, Ecology, 95:2027-2027",1,0,0,0,1,1,0,"Wilman, Belmaker, Simpson, de la Rosa, Rivadeneira, and Jetz, 2014, Ecology, 95:2027-2027",1,1,1,0,0,1,0,0,0,0,0,0,0,0,0,0,0,3,0,"IUCN 2024. The IUCN Red List of Threatened Species. Version 2023-1",1,0,0,1,0,"IUCN 2024. The IUCN Red List of Threatened Species. Version 2023-1","Phylloderma stenops","LC","IUCN 2024. The IUCN Red List of Threatened Species. Version 2023-1",1022,-59.21037453,-5.003628759,0,5.003628759,"This work",0,0,0,0,1,0,0,0,244.1895674,2007.817754,840.5702391,56.9742727,377.4734749,1236.309443,27.93721296,0.002574072,0.045023402,0.061992035,0.052653956,0.0625,16,15
"Phyllonycteris aphylla",0,"XY","Phyllonycteris aphylla","Phyllonycteris","Phyllostomidae","Chiroptera","Chiroptera","Mammalia","MILLER 1898",1898,"Mammals",0,70,"HBL",0,"Myhrvold, Baldridge, Chan, Sivam, Freeman, and Ernest, 2015, Ecology, 96:3109-3109",24.5,0,"Faurby and Svenning, 2016, Am. Nat., 187:812-20",1,1,0,"Jones, Bielby, Cardillo, Fritz, O'Dell, Orme, ... and Purvis, 2009, Ecology, 90:2648-2648",0.5,0,0,0,1,1,0,"Wilman, Belmaker, Simpson, de la Rosa, Rivadeneira, and Jetz, 2014, Ecology, 95:2027-2027",1,0,0,0,0,0,0,1,0,0,0,0,0,0,0,0,0,1,0,"IUCN 2024. The IUCN Red List of Threatened Species. Version 2023-1",1,0,0,1,0,"IUCN 2024. The IUCN Red List of Threatened Species. Version 2023-1","Phyllonycteris aphylla","CR","IUCN 2024. The IUCN Red List of Threatened Species. Version 2023-1",2,-76.96028476,18.11206219,1,18.11206219,"Marino, Leclerc, and Bellard, 2021, Glob. Chang. Biol., 28:1077-1090",0,0,0,0,1,0,0,0,247.7822319,1968.433206,989.9278917,41.08883001,89.82411506,150.455043,369.3761396,0.007164431,0.020328219,0.025054227,0,0,16,15
"Phyllops falcatus",1,"XAfusion","Phyllops falcatus","Phyllops","Phyllostomidae","Chiroptera","Chiroptera","Mammalia","GRAY 1839",1839,"Mammals",0,70,"",1,"Phylogenetic Multiple Imputation",20.91,0,"Wilman, Belmaker, Simpson, de la Rosa, Rivadeneira, and Jetz, 2014, Ecology, 95:2027-2027",0,1,0,"Wilman, Belmaker, Simpson, de la Rosa, Rivadeneira, and Jetz, 2014, Ecology, 95:2027-2027",1,0,0,0,1,1,0,"Wilman, Belmaker, Simpson, de la Rosa, Rivadeneira, and Jetz, 2014, Ecology, 95:2027-2027",1,1,0,0,0,0,0,0,0,0,0,0,0,0,0,0,0,1,0,"IUCN 2024. The IUCN Red List of Threatened Species. Version 2023-1",1,0,0,1,0,"IUCN 2024. The IUCN Red List of Threatened Species. Version 2023-1","Phyllops falcatus","LC","IUCN 2024. The IUCN Red List of Threatened Species. Version 2023-1",37,-78.91392824,21.60109753,1,21.60109753,"Marino, Leclerc, and Bellard, 2021, Glob. Chang. Biol., 28:1077-1090",0,0,0,0,1,0,0,0,247.8146873,1334.590099,1528.171552,51.01696247,146.515392,136.8160586,190.3241757,0.00530239,0.15559808,0.118771975,0.001180966,0,15,14
"Phyllostomus discolor",0,"XY","Phyllostomus discolor","Phyllostomus","Phyllostomidae","Chiroptera","Chiroptera","Mammalia","WAGNER 1843",1843,"Mammals",0,97,"HBL",0,"Myhrvold, Baldridge, Chan, Sivam, Freeman, and Ernest, 2015, Ecology, 96:3109-3109",43.4,0,"Myhrvold, Baldridge, Chan, Sivam, Freeman, and Ernest, 2015, Ecology, 96:3109-3109",0,1,0,"Wilman, Belmaker, Simpson, de la Rosa, Rivadeneira, and Jetz, 2014, Ecology, 95:2027-2027",1,0,0,0,1,1,0,"Soria, Pacifici, Di Marco, Stephen, and Rondinini, 2021, Ecology, 102:e03344",1,1,1,0,0,0,0,1,0,0,0,0,0,1,0,0,0,4,0,"IUCN 2024. The IUCN Red List of Threatened Species. Version 2023-1",1,0,0,1,0,"IUCN 2024. The IUCN Red List of Threatened Species. Version 2023-1","Phyllostomus discolor","LC","IUCN 2024. The IUCN Red List of Threatened Species. Version 2023-1",1155,-60.00053178,-5.137534776,0,5.137534776,"This work",0,0,0,0,1,0,0,0,245.7340509,1957.033404,874.8582252,59.4903835,363.3079176,1127.165052,28.52318747,0.002621813,0.063575337,0.059490616,0.077299794,0,16,15
"Phyllostomus elongatus",0,"XY","Phyllostomus elongatus","Phyllostomus","Phyllostomidae","Chiroptera","Chiroptera","Mammalia","Ã‰. GEOFFROY SAINT-HILAIRE 1810",1810,"Mammals",0,95,"",1,"Phylogenetic Multiple Imputation",41.75,0,"Myhrvold, Baldridge, Chan, Sivam, Freeman, and Ernest, 2015, Ecology, 96:3109-3109",0,1,0,"Wilman, Belmaker, Simpson, de la Rosa, Rivadeneira, and Jetz, 2014, Ecology, 95:2027-2027",1,0,0,0,1,1,0,"Soria, Pacifici, Di Marco, Stephen, and Rondinini, 2021, Ecology, 102:e03344",1,1,0,0,0,0,0,1,0,0,0,0,0,0,0,0,0,2,0,"IUCN 2024. The IUCN Red List of Threatened Species. Version 2023-1",1,0,0,1,0,"IUCN 2024. The IUCN Red List of Threatened Species. Version 2023-1","Phyllostomus elongatus","LC","IUCN 2024. The IUCN Red List of Threatened Species. Version 2023-1",946,-57.62587294,-6.050596302,0,6.050596302,"This work",0,0,0,0,1,0,0,0,248.1856174,1969.133895,844.2739582,59.77031139,323.509221,1264.91631,19.99602078,0.002116269,0.051415543,0.046285399,0.074192123,0.066666667,16,15
"Phyllostomus hastatus",0,"XY","Phyllostomus hastatus","Phyllostomus","Phyllostomidae","Chiroptera","Chiroptera","Mammalia","PALLAS 1767",1767,"Mammals",0,150,"HBL",0,"Myhrvold, Baldridge, Chan, Sivam, Freeman, and Ernest, 2015, Ecology, 96:3109-3109",91.44,0,"Myhrvold, Baldridge, Chan, Sivam, Freeman, and Ernest, 2015, Ecology, 96:3109-3109",0,1,0,"Wilman, Belmaker, Simpson, de la Rosa, Rivadeneira, and Jetz, 2014, Ecology, 95:2027-2027",1,0,0,0,1,1,0,"Soria, Pacifici, Di Marco, Stephen, and Rondinini, 2021, Ecology, 102:e03344",1,1,1,0,0,0,0,0,0,0,0,0,0,1,0,0,0,3,0,"IUCN 2024. The IUCN Red List of Threatened Species. Version 2023-1",1,0,0,1,0,"IUCN 2024. The IUCN Red List of Threatened Species. Version 2023-1","Phyllostomus hastatus","LC","IUCN 2024. The IUCN Red List of Threatened Species. Version 2023-1",1150,-59.58584559,-5.867558288,0,5.867558288,"This work",0,0,0,0,1,0,0,0,243.3758195,1941.673163,886.034136,59.00607012,411.4352122,1132.101239,26.28119556,0.002467247,0.062602345,0.061634169,0.077718182,0.066666667,16,15
"Phyllostomus latifolius",0,"XY","Phyllostomus latifolius","Phyllostomus","Phyllostomidae","Chiroptera","Chiroptera","Mammalia","THOMAS 1901",1901,"Mammals",0,78,"HBL",0,"Goodman, Hutterer and Ngnegueu, 2001, Mammal. Biol., 66:22-34",31,0,"Reis, Peracchi, Pedro, and Lima, 2007. Morcegos do Brasil. Londrina: Nelio R. dos Reis, 253 p.",0,1,0,"Wilman, Belmaker, Simpson, de la Rosa, Rivadeneira, and Jetz, 2014, Ecology, 95:2027-2027",1,0,0,0,1,1,0,"Soria, Pacifici, Di Marco, Stephen, and Rondinini, 2021, Ecology, 102:e03344",1,0,0,0,0,0,0,1,0,0,0,0,0,0,0,0,0,1,0,"IUCN 2024. The IUCN Red List of Threatened Species. Version 2023-1",1,0,0,1,0,"IUCN 2024. The IUCN Red List of Threatened Species. Version 2023-1","Phyllostomus latifolius","LC","IUCN 2024. The IUCN Red List of Threatened Species. Version 2023-1",163,-59.76667319,0.644442772,0,0.644442772,"This work",0,0,0,0,0.981595092,0,0,0,253.3134636,2429.077696,649.6456874,43.58040351,156.4299605,2337.405186,4.219324439,0.000381538,0.00436149,0.000917809,0.007800567,0.0625,16,15
"Platyrrhinus vittatus",1,"XAYAfusion","Platyrrhinus vittatus","Platyrrhinus","Phyllostomidae","Chiroptera","Chiroptera","Mammalia","PETERS 1860",1860,"Mammals",0,103,"HBL",0,"Myhrvold, Baldridge, Chan, Sivam, Freeman, and Ernest, 2015, Ecology, 96:3109-3109",41.4,0,"Wilman, Belmaker, Simpson, de la Rosa, Rivadeneira, and Jetz, 2014, Ecology, 95:2027-2027",0,1,0,"Wilman, Belmaker, Simpson, de la Rosa, Rivadeneira, and Jetz, 2014, Ecology, 95:2027-2027",1,0,0,0,1,1,0,"Wilman, Belmaker, Simpson, de la Rosa, Rivadeneira, and Jetz, 2014, Ecology, 95:2027-2027",1,1,0,0,0,0,0,0,0,0,0,0,0,0,0,0,0,1,0,"IUCN 2024. The IUCN Red List of Threatened Species. Version 2023-1",1,0,0,1,0,"IUCN 2024. The IUCN Red List of Threatened Species. Version 2023-1","Platyrrhinus vittatus","LC","IUCN 2024. The IUCN Red List of Threatened Species. Version 2023-1",108,-72.37559899,8.362839008,0,8.362839008,"This work",0,0,0,0,1,0,0,0,243.1770904,2064.397347,528.5971703,52.74618654,486.3379981,322.1762386,87.06939138,0.005410254,0.050459091,0.189639534,0.058289277,0,15,14
"Tonatia bidens",0,"XY","Tonatia bidens","Tonatia","Phyllostomidae","Chiroptera","Chiroptera","Mammalia","SPIX 1823",1823,"Mammals",0,95,"HBL",0,"Myhrvold, Baldridge, Chan, Sivam, Freeman, and Ernest, 2015, Ecology, 96:3109-3109",27.7,0,"Myhrvold, Baldridge, Chan, Sivam, Freeman, and Ernest, 2015, Ecology, 96:3109-3109",0,1,0,"Wilman, Belmaker, Simpson, de la Rosa, Rivadeneira, and Jetz, 2014, Ecology, 95:2027-2027",1,0,0,0,0,1,0,"Soria, Pacifici, Di Marco, Stephen, and Rondinini, 2021, Ecology, 102:e03344",1,1,0,0,0,0,0,0,0,0,0,0,0,0,0,0,0,1,0,"IUCN 2024. The IUCN Red List of Threatened Species. Version 2023-1",1,0,0,1,0,"IUCN 2024. The IUCN Red List of Threatened Species. Version 2023-1","Tonatia bidens","DD","IUCN 2024. The IUCN Red List of Threatened Species. Version 2023-1",220,-50.29461771,-20.09623834,0,20.09623834,"This work",0,0,0,0,1,0,0,0,229.2036127,1258.156061,2357.10591,55.8396316,441.5031424,264.7023948,59.17226724,0.006933639,0.177078967,0.134464659,0.124549985,0.571428571,8,7
"Trachops cirrhosus",0,"XY","Trachops cirrhosus","Trachops","Phyllostomidae","Chiroptera","Chiroptera","Mammalia","SPIX 1823",1823,"Mammals",0,92,"HBL",0,"Myhrvold, Baldridge, Chan, Sivam, Freeman, and Ernest, 2015, Ecology, 96:3109-3109",37.7,0,"Faurby and Svenning, 2016, Am. Nat., 187:812-20",0,1,0,"Wilman, Belmaker, Simpson, de la Rosa, Rivadeneira, and Jetz, 2014, Ecology, 95:2027-2027",1,0,1,0,0,1,0,"Wilman, Belmaker, Simpson, de la Rosa, Rivadeneira, and Jetz, 2014, Ecology, 95:2027-2027",0.75,1,0,0,0,0,0,1,0,0,0,0,0,1,0,0,0,3,0,"IUCN 2024. The IUCN Red List of Threatened Species. Version 2023-1",1,0,0,1,0,"IUCN 2024. The IUCN Red List of Threatened Species. Version 2023-1","Trachops cirrhosus","LC","IUCN 2024. The IUCN Red List of Threatened Species. Version 2023-1",1177,-59.9847136,-5.247672379,0,5.247672379,"This work",0,0,0,0,1,0,0,0,244.4321972,1963.964779,908.4687725,58.68725687,378.7893615,1120.888773,27.83934348,0.002602325,0.064358066,0.061541541,0.071891494,0,15,14
"Trinycteris nicefori",0,"XY","Trinycteris nicefori","Trinycteris","Phyllostomidae","Chiroptera","Chiroptera","Mammalia","SANBORN 1949",1949,"Mammals",0,58,"HBL",0,"Myhrvold, Baldridge, Chan, Sivam, Freeman, and Ernest, 2015, Ecology, 96:3109-3109",8.25,0,"Wilman, Belmaker, Simpson, de la Rosa, Rivadeneira, and Jetz, 2014, Ecology, 95:2027-2027",0,1,0,"Wilman, Belmaker, Simpson, de la Rosa, Rivadeneira, and Jetz, 2014, Ecology, 95:2027-2027",1,0,0,0,1,1,0,"Soria, Pacifici, Di Marco, Stephen, and Rondinini, 2021, Ecology, 102:e03344",1,1,0,0,0,0,0,0,0,0,0,0,0,1,0,0,0,2,0,"IUCN 2024. The IUCN Red List of Threatened Species. Version 2023-1",1,0,0,1,0,"IUCN 2024. The IUCN Red List of Threatened Species. Version 2023-1","Trinycteris nicefori","LC","IUCN 2024. The IUCN Red List of Threatened Species. Version 2023-1",462,-67.05924792,1.127319101,0,1.127319101,"This work",0,0,0,0,1,0,0,0,240.6020511,2340.697759,637.1061889,49.48589277,432.8394202,1554.570643,21.05260471,0.001503345,0.025356274,0.060791234,0.048693788,0,14,13
"Uroderma bilobatum",1,"XAYAfusion","Uroderma bilobatum","Uroderma","Phyllostomidae","Chiroptera","Chiroptera","Mammalia","PETERS 1866",1866,"Mammals",0,69,"HBL",0,"Myhrvold, Baldridge, Chan, Sivam, Freeman, and Ernest, 2015, Ecology, 96:3109-3109",16.7,0,"Faurby and Svenning, 2016, Am. Nat., 187:812-20",0,1,0,"Wilman, Belmaker, Simpson, de la Rosa, Rivadeneira, and Jetz, 2014, Ecology, 95:2027-2027",1,0,0,0,1,1,0,"Wilman, Belmaker, Simpson, de la Rosa, Rivadeneira, and Jetz, 2014, Ecology, 95:2027-2027",1,1,1,0,0,0,0,0,0,0,0,0,0,0,0,0,0,2,0,"IUCN 2024. The IUCN Red List of Threatened Species. Version 2023-1",1,0,0,1,0,"IUCN 2024. The IUCN Red List of Threatened Species. Version 2023-1","Uroderma bilobatum","LC","IUCN 2024. The IUCN Red List of Threatened Species. Version 2023-1",1185,-60.57047693,-5.126061801,0,5.126061801,"This work",0,0,0,0,1,0,0,0,242.0440173,1940.410435,887.606205,59.72137098,436.8773666,1110.174777,29.63568512,0.002698509,0.064042467,0.064830911,0.070466843,0.857142857,22,21
"Uroderma magnirostrum",1,"XAYAfusion","Uroderma magnirostrum","Uroderma","Phyllostomidae","Chiroptera","Chiroptera","Mammalia","DAVIS 1968",1968,"Mammals",0,70,"HBL",0,"Myhrvold, Baldridge, Chan, Sivam, Freeman, and Ernest, 2015, Ecology, 96:3109-3109",17.3,0,"Myhrvold, Baldridge, Chan, Sivam, Freeman, and Ernest, 2015, Ecology, 96:3109-3109",0,1,0,"Wilman, Belmaker, Simpson, de la Rosa, Rivadeneira, and Jetz, 2014, Ecology, 95:2027-2027",1,0,0,0,1,1,0,"Wilman, Belmaker, Simpson, de la Rosa, Rivadeneira, and Jetz, 2014, Ecology, 95:2027-2027",1,1,0,0,0,0,0,0,0,0,0,0,0,0,0,0,0,1,0,"IUCN 2024. The IUCN Red List of Threatened Species. Version 2023-1",1,0,0,1,0,"IUCN 2024. The IUCN Red List of Threatened Species. Version 2023-1","Uroderma magnirostrum","LC","IUCN 2024. The IUCN Red List of Threatened Species. Version 2023-1",1012,-59.53645452,-4.831717383,0,4.831717383,"This work",0,0,0,0,1,0,0,0,247.2859894,2000.276306,801.5874327,58.18965625,345.3695175,1272.405137,20.46746,0.001675412,0.04205517,0.052318572,0.057859448,0.16666667,18,17
"Vampyriscus bidens",1,"XAYAfusion","Vampyriscus bidens","Vampyressa","Phyllostomidae","Chiroptera","Chiroptera","Mammalia","(DOBSON, 1878)",1878,"Mammals",0,62,"HBL",0,"Myhrvold, Baldridge, Chan, Sivam, Freeman, and Ernest, 2015, Ecology, 96:3109-3109",11.91,0,"Myhrvold, Baldridge, Chan, Sivam, Freeman, and Ernest, 2015, Ecology, 96:3109-3109",0,1,0,"Wilman, Belmaker, Simpson, de la Rosa, Rivadeneira, and Jetz, 2014, Ecology, 95:2027-2027",1,0,0,0,1,1,0,"Wilman, Belmaker, Simpson, de la Rosa, Rivadeneira, and Jetz, 2014, Ecology, 95:2027-2027",1,1,0,0,0,0,0,0,0,0,0,0,0,0,0,0,0,1,0,"IUCN 2024. The IUCN Red List of Threatened Species. Version 2023-1",1,0,0,1,0,"IUCN 2024. The IUCN Red List of Threatened Species. Version 2023-1","Vampyriscus bidens","LC","IUCN 2024. The IUCN Red List of Threatened Species. Version 2023-1",617,-64.57743718,-3.289730976,0,3.289730976,"This work",0,0,0,0,1,0,0,0,241.1182329,2325.018391,622.9505934,48.86934343,392.0093567,1830.909288,7.951109366,0.00070334,0.017542532,0.026580113,0.026409444,0,13,12
"Vampyriscus brocki",1,"XAYAfusion","Vampyriscus brocki","Vampyressa","Phyllostomidae","Chiroptera","Chiroptera","Mammalia","PETERSON, 1968",1968,"Mammals",0,82,"",1,"Phylogenetic Multiple Imputation",48,0,"Myhrvold, Baldridge, Chan, Sivam, Freeman, and Ernest, 2015, Ecology, 96:3109-3109",0,1,0,"Wilman, Belmaker, Simpson, de la Rosa, Rivadeneira, and Jetz, 2014, Ecology, 95:2027-2027",1,0,0,0,1,1,0,"Wilman, Belmaker, Simpson, de la Rosa, Rivadeneira, and Jetz, 2014, Ecology, 95:2027-2027",1,1,0,0,0,0,0,0,0,0,0,0,0,0,0,0,0,1,0,"IUCN 2024. The IUCN Red List of Threatened Species. Version 2023-1",1,0,0,1,0,"IUCN 2024. The IUCN Red List of Threatened Species. Version 2023-1","Vampyriscus brocki","LC","IUCN 2024. The IUCN Red List of Threatened Species. Version 2023-1",116,-63.22315926,0.625138831,0,0.625138831,"This work",0,0,0,0,1,0,0,0,252.3185395,2485.708426,541.4238805,39.8269951,138.2270521,2564.622213,2.028971463,0.000256997,0.006034456,0.001578166,0.016687914,0,12,11
"Vampyressa melissa",0,"XY","Vampyressa melissa","Vampyressa","Phyllostomidae","Chiroptera","Chiroptera","Mammalia","THOMAS 1926",1926,"Mammals",0,66,"",1,"Phylogenetic Multiple Imputation",16.58,0,"Myhrvold, Baldridge, Chan, Sivam, Freeman, and Ernest, 2015, Ecology, 96:3109-3109",0,1,0,"Wilman, Belmaker, Simpson, de la Rosa, Rivadeneira, and Jetz, 2014, Ecology, 95:2027-2027",1,0,0,0,1,1,0,"Wilman, Belmaker, Simpson, de la Rosa, Rivadeneira, and Jetz, 2014, Ecology, 95:2027-2027",1,1,0,0,0,0,0,0,0,0,0,0,0,0,0,0,0,1,0,"IUCN 2024. The IUCN Red List of Threatened Species. Version 2023-1",1,0,0,1,0,"IUCN 2024. The IUCN Red List of Threatened Species. Version 2023-1","Vampyressa melissa","VU","IUCN 2024. The IUCN Red List of Threatened Species. Version 2023-1",71,-75.46946975,-3.931310404,0,3.931310404,"This work",0,0,0,0,1,0,0,0,213.9005205,2494.661091,586.3742256,34.75589902,1000.616836,1058.980638,37.45783535,0.001880071,0.036146455,0.096745131,0.007225454,0,7,6
"Vampyriscus nymphaeus",0,"XY","Vampyriscus nymphaeus","Vampyressa","Phyllostomidae","Chiroptera","Chiroptera","Mammalia","THOMAS, 1909",1909,"Mammals",0,64,"HBL",0,"Myhrvold, Baldridge, Chan, Sivam, Freeman, and Ernest, 2015, Ecology, 96:3109-3109",69,0,"Myhrvold, Baldridge, Chan, Sivam, Freeman, and Ernest, 2015, Ecology, 96:3109-3109",0,1,0,"Wilman, Belmaker, Simpson, de la Rosa, Rivadeneira, and Jetz, 2014, Ecology, 95:2027-2027",1,0,0,0,1,1,0,"Wilman, Belmaker, Simpson, de la Rosa, Rivadeneira, and Jetz, 2014, Ecology, 95:2027-2027",1,1,0,0,0,0,0,0,0,0,0,0,0,0,0,0,0,1,0,"IUCN 2024. The IUCN Red List of Threatened Species. Version 2023-1",1,0,0,1,0,"IUCN 2024. The IUCN Red List of Threatened Species. Version 2023-1","Vampyriscus nymphaea","LC","IUCN 2024. The IUCN Red List of Threatened Species. Version 2023-1",52,-79.10540759,6.424599247,0,6.424599247,"This work",0,0,0,0,1,0,0,0,235.9028078,3428.866458,332.8110511,40.79748962,465.8250386,519.9037078,56.3465194,0.003731949,0.046479082,0.112921276,0.000289032,0,13,12
"Vampyressa pusilla",1,"XAYAfusion","Vampyressa pusilla","Vampyressa","Phyllostomidae","Chiroptera","Chiroptera","Mammalia","WAGNER 1843",1843,"Mammals",0,53,"HBL",0,"Myhrvold, Baldridge, Chan, Sivam, Freeman, and Ernest, 2015, Ecology, 96:3109-3109",8.8,0,"Myhrvold, Baldridge, Chan, Sivam, Freeman, and Ernest, 2015, Ecology, 96:3109-3109",0,1,0,"Wilman, Belmaker, Simpson, de la Rosa, Rivadeneira, and Jetz, 2014, Ecology, 95:2027-2027",1,0,0,0,1,1,0,"Wilman, Belmaker, Simpson, de la Rosa, Rivadeneira, and Jetz, 2014, Ecology, 95:2027-2027",1,1,0,0,0,0,0,0,0,0,0,0,0,0,0,0,0,1,1,"Taxonomic Imputation",1,0,0,1,0,"IUCN 2024. The IUCN Red List of Threatened Species. Version 2023-1","Vampyressa pusilla","DD","IUCN 2024. The IUCN Red List of Threatened Species. Version 2023-1",124,-49.61372161,-23.69866108,0,23.69866108,"This work",0,0,0,0,1,0,0,0,208.9582791,1548.254915,2618.247949,42.98428784,557.7865487,150.2575627,103.4035468,0.011755283,0.244965391,0.200562556,0.055054371,1,11,10
"Vampyressa thyone",1,"XAYAfusion","Vampyressa thyone","Vampyressa","Phyllostomidae","Chiroptera","Chiroptera","Mammalia","THOMAS 1909",1909,"Mammals",0,53,"HBL",0,"Myhrvold, Baldridge, Chan, Sivam, Freeman, and Ernest, 2015, Ecology, 96:3109-3109",8.8,0,"Myhrvold, Baldridge, Chan, Sivam, Freeman, and Ernest, 2015, Ecology, 96:3109-3109",0,1,0,"Wilman, Belmaker, Simpson, de la Rosa, Rivadeneira, and Jetz, 2014, Ecology, 95:2027-2027",1,0,0,0,1,1,0,"Wilman, Belmaker, Simpson, de la Rosa, Rivadeneira, and Jetz, 2014, Ecology, 95:2027-2027",1,1,0,0,0,0,0,0,0,0,0,0,0,0,0,0,0,1,0,"IUCN 2024. The IUCN Red List of Threatened Species. Version 2023-1",1,0,0,1,0,"IUCN 2024. The IUCN Red List of Threatened Species. Version 2023-1","Vampyressa thyone","LC","IUCN 2024. The IUCN Red List of Threatened Species. Version 2023-1",482,-72.93882782,1.215734437,0,1.215734437,"This work",0,0,0,0,1,0,0,0,235.21664,2274.212452,639.7421188,49.45790999,519.2218582,1315.940449,31.74944723,0.002127026,0.036710517,0.080056182,0.043897734,1,12,11
"Vampyrodes caraccioli",1,"XAYAfusion","Vampyrodes caraccioli","Vampyrodes","Phyllostomidae","Chiroptera","Chiroptera","Mammalia","THOMAS 1889",1889,"Mammals",0,89,"HBL",0,"Myhrvold, Baldridge, Chan, Sivam, Freeman, and Ernest, 2015, Ecology, 96:3109-3109",35.89,0,"Myhrvold, Baldridge, Chan, Sivam, Freeman, and Ernest, 2015, Ecology, 96:3109-3109",0,1,0,"Wilman, Belmaker, Simpson, de la Rosa, Rivadeneira, and Jetz, 2014, Ecology, 95:2027-2027",1,0,0,0,1,1,0,"Wilman, Belmaker, Simpson, de la Rosa, Rivadeneira, and Jetz, 2014, Ecology, 95:2027-2027",1,1,0,0,0,0,0,0,0,0,0,0,0,1,0,0,0,2,0,"IUCN 2024. The IUCN Red List of Threatened Species. Version 2023-1",1,0,0,1,0,"IUCN 2024. The IUCN Red List of Threatened Species. Version 2023-1","Vampyrodes caraccioli","LC","IUCN 2024. The IUCN Red List of Threatened Species. Version 2023-1",777,-66.04304734,-1.697736982,0,1.697736982,"This work",0,0,0,0,1,0,0,0,242.8723476,2303.145579,674.7248206,51.20813899,367.5178991,1592.749803,15.9614402,0.001204268,0.028195143,0.039381029,0.030791539,0,15,14
"Vampyrum spectrum",0,"XY","Vampyrum spectrum","Vampyrum","Phyllostomidae","Chiroptera","Chiroptera","Mammalia","LINNAEUS 1758",1758,"Mammals",0,158,"HBL",0,"Myhrvold, Baldridge, Chan, Sivam, Freeman, and Ernest, 2015, Ecology, 96:3109-3109",171.61,0,"Myhrvold, Baldridge, Chan, Sivam, Freeman, and Ernest, 2015, Ecology, 96:3109-3109",0,1,0,"Wilman, Belmaker, Simpson, de la Rosa, Rivadeneira, and Jetz, 2014, Ecology, 95:2027-2027",1,0,1,0,0,1,0,"Soria, Pacifici, Di Marco, Stephen, and Rondinini, 2021, Ecology, 102:e03344",0.75,1,0,0,0,0,0,0,0,0,0,0,0,0,0,0,0,1,0,"IUCN 2024. The IUCN Red List of Threatened Species. Version 2023-1",1,0,0,1,0,"IUCN 2024. The IUCN Red List of Threatened Species. Version 2023-1","Vampyrum spectrum","NT","IUCN 2024. The IUCN Red List of Threatened Species. Version 2023-1",552,-69.01413504,-1.674613542,0,1.674613542,"This work",0,0,0,0,1,0,0,0,232.742068,2079.049953,813.4669495,53.5058424,595.4600241,1165.630222,28.42922581,0.001883759,0.045664251,0.076294273,0.081336159,0,15,14
